,mode,name,label
0,train,0001_2_01,0
1,train,0001_2_02,0
2,train,0001_2_03,0
3,train,0001_2_04,0
4,train,0001_2_05,0
5,train,0001_2_06,0
6,train,0001_2_07,0
7,train,0001_2_08,0
8,train,0001_2_09,0
9,train,0001_2_10,0
10,train,0007_2_01,1
11,train,0007_2_02,1
12,train,0007_2_03,1
13,train,0007_2_04,1
14,train,0007_2_05,1
15,train,0007_2_06,1
16,train,0007_2_07,1
17,train,0007_2_08,1
18,train,0007_2_09,1
19,train,0007_2_10,1
20,train,0011_2_01,2
21,train,0011_2_02,2
22,train,0011_2_03,2
23,train,0011_2_04,2
24,train,0011_2_05,2
25,train,0011_2_06,2
26,train,0011_2_07,2
27,train,0011_2_08,2
28,train,0011_2_09,2
29,train,0011_2_10,2
30,train,0012_2_01,3
31,train,0012_2_02,3
32,train,0012_2_03,3
33,train,0012_2_04,3
34,train,0012_2_05,3
35,train,0012_2_06,3
36,train,0012_2_07,3
37,train,0012_2_08,3
38,train,0012_2_09,3
39,train,0012_2_10,3
40,train,0014_2_01,4
41,train,0014_2_02,4
42,train,0014_2_03,4
43,train,0014_2_04,4
44,train,0014_2_05,4
45,train,0014_2_06,4
46,train,0014_2_07,4
47,train,0014_2_08,4
48,train,0014_2_09,4
49,train,0014_2_10,4
50,train,0018_2_01,5
51,train,0018_2_02,5
52,train,0018_2_03,5
53,train,0018_2_04,5
54,train,0018_2_05,5
55,train,0018_2_06,5
56,train,0018_2_07,5
57,train,0018_2_08,5
58,train,0018_2_09,5
59,train,0018_2_10,5
60,train,0020_2_01,6
61,train,0020_2_02,6
62,train,0020_2_03,6
63,train,0020_2_04,6
64,train,0020_2_05,6
65,train,0020_2_06,6
66,train,0020_2_07,6
67,train,0020_2_08,6
68,train,0020_2_09,6
69,train,0020_2_10,6
70,train,0021_2_01,7
71,train,0021_2_02,7
72,train,0021_2_03,7
73,train,0021_2_04,7
74,train,0021_2_05,7
75,train,0021_2_06,7
76,train,0021_2_07,7
77,train,0021_2_08,7
78,train,0021_2_09,7
79,train,0021_2_10,7
80,train,0022_2_01,8
81,train,0022_2_02,8
82,train,0022_2_03,8
83,train,0022_2_04,8
84,train,0022_2_05,8
85,train,0022_2_06,8
86,train,0022_2_07,8
87,train,0022_2_08,8
88,train,0022_2_09,8
89,train,0022_2_10,8
90,train,0023_2_01,9
91,train,0023_2_02,9
92,train,0023_2_03,9
93,train,0023_2_04,9
94,train,0023_2_05,9
95,train,0023_2_06,9
96,train,0023_2_07,9
97,train,0023_2_08,9
98,train,0023_2_09,9
99,train,0023_2_10,9
100,train,0024_2_01,10
101,train,0024_2_02,10
102,train,0024_2_03,10
103,train,0024_2_04,10
104,train,0024_2_05,10
105,train,0024_2_06,10
106,train,0024_2_07,10
107,train,0024_2_08,10
108,train,0024_2_09,10
109,train,0024_2_10,10
110,train,0025_2_01,11
111,train,0025_2_02,11
112,train,0025_2_03,11
113,train,0025_2_04,11
114,train,0025_2_05,11
115,train,0025_2_06,11
116,train,0025_2_07,11
117,train,0025_2_08,11
118,train,0025_2_09,11
119,train,0025_2_10,11
120,train,0028_2_01,12
121,train,0028_2_02,12
122,train,0028_2_03,12
123,train,0028_2_04,12
124,train,0028_2_05,12
125,train,0028_2_06,12
126,train,0028_2_07,12
127,train,0028_2_08,12
128,train,0028_2_09,12
129,train,0028_2_10,12
130,train,0030_2_01,13
131,train,0030_2_02,13
132,train,0030_2_03,13
133,train,0030_2_04,13
134,train,0030_2_05,13
135,train,0030_2_06,13
136,train,0030_2_07,13
137,train,0030_2_08,13
138,train,0030_2_09,13
139,train,0030_2_10,13
140,train,0031_2_01,14
141,train,0031_2_02,14
142,train,0031_2_03,14
143,train,0031_2_04,14
144,train,0031_2_05,14
145,train,0031_2_06,14
146,train,0031_2_07,14
147,train,0031_2_08,14
148,train,0031_2_09,14
149,train,0031_2_10,14
150,train,0035_2_01,15
151,train,0035_2_02,15
152,train,0035_2_03,15
153,train,0035_2_04,15
154,train,0035_2_05,15
155,train,0035_2_06,15
156,train,0035_2_07,15
157,train,0035_2_08,15
158,train,0035_2_09,15
159,train,0035_2_10,15
160,train,0041_2_01,16
161,train,0041_2_02,16
162,train,0041_2_03,16
163,train,0041_2_04,16
164,train,0041_2_05,16
165,train,0041_2_06,16
166,train,0041_2_07,16
167,train,0041_2_08,16
168,train,0041_2_09,16
169,train,0041_2_10,16
170,train,0044_2_01,17
171,train,0044_2_02,17
172,train,0044_2_03,17
173,train,0044_2_04,17
174,train,0044_2_05,17
175,train,0044_2_06,17
176,train,0044_2_07,17
177,train,0044_2_08,17
178,train,0044_2_09,17
179,train,0044_2_10,17
180,train,0047_2_01,18
181,train,0047_2_02,18
182,train,0047_2_03,18
183,train,0047_2_04,18
184,train,0047_2_05,18
185,train,0047_2_06,18
186,train,0047_2_07,18
187,train,0047_2_08,18
188,train,0047_2_09,18
189,train,0047_2_10,18
190,train,0051_2_01,19
191,train,0051_2_02,19
192,train,0051_2_03,19
193,train,0051_2_04,19
194,train,0051_2_05,19
195,train,0051_2_06,19
196,train,0051_2_07,19
197,train,0051_2_08,19
198,train,0051_2_09,19
199,train,0051_2_10,19
200,train,0053_2_01,20
201,train,0053_2_02,20
202,train,0053_2_03,20
203,train,0053_2_04,20
204,train,0053_2_05,20
205,train,0053_2_06,20
206,train,0053_2_07,20
207,train,0053_2_08,20
208,train,0053_2_09,20
209,train,0053_2_10,20
210,train,0055_2_01,21
211,train,0055_2_02,21
212,train,0055_2_03,21
213,train,0055_2_04,21
214,train,0055_2_05,21
215,train,0055_2_06,21
216,train,0055_2_07,21
217,train,0055_2_08,21
218,train,0055_2_09,21
219,train,0055_2_10,21
220,train,0057_2_01,22
221,train,0057_2_02,22
222,train,0057_2_03,22
223,train,0057_2_04,22
224,train,0057_2_05,22
225,train,0057_2_06,22
226,train,0057_2_07,22
227,train,0057_2_08,22
228,train,0057_2_09,22
229,train,0057_2_10,22
230,train,0058_2_01,23
231,train,0058_2_02,23
232,train,0058_2_03,23
233,train,0058_2_04,23
234,train,0058_2_05,23
235,train,0058_2_06,23
236,train,0058_2_07,23
237,train,0058_2_08,23
238,train,0058_2_09,23
239,train,0058_2_10,23
240,train,0061_2_01,24
241,train,0061_2_02,24
242,train,0061_2_03,24
243,train,0061_2_04,24
244,train,0061_2_05,24
245,train,0061_2_06,24
246,train,0061_2_07,24
247,train,0061_2_08,24
248,train,0061_2_09,24
249,train,0061_2_10,24
250,train,0062_2_01,25
251,train,0062_2_02,25
252,train,0062_2_03,25
253,train,0062_2_04,25
254,train,0062_2_05,25
255,train,0062_2_06,25
256,train,0062_2_07,25
257,train,0062_2_08,25
258,train,0062_2_09,25
259,train,0062_2_10,25
260,train,0071_2_01,26
261,train,0071_2_02,26
262,train,0071_2_03,26
263,train,0071_2_04,26
264,train,0071_2_05,26
265,train,0071_2_06,26
266,train,0071_2_07,26
267,train,0071_2_08,26
268,train,0071_2_09,26
269,train,0071_2_10,26
270,train,0073_2_01,27
271,train,0073_2_02,27
272,train,0073_2_03,27
273,train,0073_2_04,27
274,train,0073_2_05,27
275,train,0073_2_06,27
276,train,0073_2_07,27
277,train,0073_2_08,27
278,train,0073_2_09,27
279,train,0073_2_10,27
280,train,0077_2_01,28
281,train,0077_2_02,28
282,train,0077_2_03,28
283,train,0077_2_04,28
284,train,0077_2_05,28
285,train,0077_2_06,28
286,train,0077_2_07,28
287,train,0077_2_08,28
288,train,0077_2_09,28
289,train,0077_2_10,28
290,train,0078_2_01,29
291,train,0078_2_02,29
292,train,0078_2_03,29
293,train,0078_2_04,29
294,train,0078_2_05,29
295,train,0078_2_06,29
296,train,0078_2_07,29
297,train,0078_2_08,29
298,train,0078_2_09,29
299,train,0078_2_10,29
300,train,0081_2_01,30
301,train,0081_2_02,30
302,train,0081_2_03,30
303,train,0081_2_04,30
304,train,0081_2_05,30
305,train,0081_2_06,30
306,train,0081_2_07,30
307,train,0081_2_08,30
308,train,0081_2_09,30
309,train,0081_2_10,30
310,train,0084_2_01,31
311,train,0084_2_02,31
312,train,0084_2_03,31
313,train,0084_2_04,31
314,train,0084_2_05,31
315,train,0084_2_06,31
316,train,0084_2_07,31
317,train,0084_2_08,31
318,train,0084_2_09,31
319,train,0084_2_10,31
320,train,0086_2_01,32
321,train,0086_2_02,32
322,train,0086_2_03,32
323,train,0086_2_04,32
324,train,0086_2_05,32
325,train,0086_2_06,32
326,train,0086_2_07,32
327,train,0086_2_08,32
328,train,0086_2_09,32
329,train,0086_2_10,32
330,train,0087_2_01,33
331,train,0087_2_02,33
332,train,0087_2_03,33
333,train,0087_2_04,33
334,train,0087_2_05,33
335,train,0087_2_06,33
336,train,0087_2_07,33
337,train,0087_2_08,33
338,train,0087_2_09,33
339,train,0087_2_10,33
340,train,0088_2_01,34
341,train,0088_2_02,34
342,train,0088_2_03,34
343,train,0088_2_04,34
344,train,0088_2_05,34
345,train,0088_2_06,34
346,train,0088_2_07,34
347,train,0088_2_08,34
348,train,0088_2_09,34
349,train,0088_2_10,34
350,train,0089_2_01,35
351,train,0089_2_02,35
352,train,0089_2_03,35
353,train,0089_2_04,35
354,train,0089_2_05,35
355,train,0089_2_06,35
356,train,0089_2_07,35
357,train,0089_2_08,35
358,train,0089_2_09,35
359,train,0089_2_10,35
360,train,0095_2_01,36
361,train,0095_2_02,36
362,train,0095_2_03,36
363,train,0095_2_04,36
364,train,0095_2_05,36
365,train,0095_2_06,36
366,train,0095_2_07,36
367,train,0095_2_08,36
368,train,0095_2_09,36
369,train,0095_2_10,36
370,train,0097_2_01,37
371,train,0097_2_02,37
372,train,0097_2_03,37
373,train,0097_2_04,37
374,train,0097_2_05,37
375,train,0097_2_06,37
376,train,0097_2_07,37
377,train,0097_2_08,37
378,train,0097_2_09,37
379,train,0097_2_10,37
380,train,0100_2_01,38
381,train,0100_2_02,38
382,train,0100_2_03,38
383,train,0100_2_04,38
384,train,0100_2_05,38
385,train,0100_2_06,38
386,train,0100_2_07,38
387,train,0100_2_08,38
388,train,0100_2_09,38
389,train,0100_2_10,38
390,train,0101_2_01,39
391,train,0101_2_02,39
392,train,0101_2_03,39
393,train,0101_2_04,39
394,train,0101_2_05,39
395,train,0101_2_06,39
396,train,0101_2_07,39
397,train,0101_2_08,39
398,train,0101_2_09,39
399,train,0101_2_10,39
400,train,0102_2_01,40
401,train,0102_2_02,40
402,train,0102_2_03,40
403,train,0102_2_04,40
404,train,0102_2_05,40
405,train,0102_2_06,40
406,train,0102_2_07,40
407,train,0102_2_08,40
408,train,0102_2_09,40
409,train,0102_2_10,40
410,train,0103_2_01,41
411,train,0103_2_02,41
412,train,0103_2_03,41
413,train,0103_2_04,41
414,train,0103_2_05,41
415,train,0103_2_06,41
416,train,0103_2_07,41
417,train,0103_2_08,41
418,train,0103_2_09,41
419,train,0103_2_10,41
420,train,0104_2_01,42
421,train,0104_2_02,42
422,train,0104_2_03,42
423,train,0104_2_04,42
424,train,0104_2_05,42
425,train,0104_2_06,42
426,train,0104_2_07,42
427,train,0104_2_08,42
428,train,0104_2_09,42
429,train,0104_2_10,42
430,train,0105_2_01,43
431,train,0105_2_02,43
432,train,0105_2_03,43
433,train,0105_2_04,43
434,train,0105_2_05,43
435,train,0105_2_06,43
436,train,0105_2_07,43
437,train,0105_2_08,43
438,train,0105_2_09,43
439,train,0105_2_10,43
440,train,0106_2_01,44
441,train,0106_2_02,44
442,train,0106_2_03,44
443,train,0106_2_04,44
444,train,0106_2_05,44
445,train,0106_2_06,44
446,train,0106_2_07,44
447,train,0106_2_08,44
448,train,0106_2_09,44
449,train,0106_2_10,44
450,train,0115_2_01,45
451,train,0115_2_02,45
452,train,0115_2_03,45
453,train,0115_2_04,45
454,train,0115_2_05,45
455,train,0115_2_06,45
456,train,0115_2_07,45
457,train,0115_2_08,45
458,train,0115_2_09,45
459,train,0115_2_10,45
460,train,0116_2_01,46
461,train,0116_2_02,46
462,train,0116_2_03,46
463,train,0116_2_04,46
464,train,0116_2_05,46
465,train,0116_2_06,46
466,train,0116_2_07,46
467,train,0116_2_08,46
468,train,0116_2_09,46
469,train,0116_2_10,46
470,train,0117_2_01,47
471,train,0117_2_02,47
472,train,0117_2_03,47
473,train,0117_2_04,47
474,train,0117_2_05,47
475,train,0117_2_06,47
476,train,0117_2_07,47
477,train,0117_2_08,47
478,train,0117_2_09,47
479,train,0117_2_10,47
480,train,0119_2_01,48
481,train,0119_2_02,48
482,train,0119_2_03,48
483,train,0119_2_04,48
484,train,0119_2_05,48
485,train,0119_2_06,48
486,train,0119_2_07,48
487,train,0119_2_08,48
488,train,0119_2_09,48
489,train,0119_2_10,48
490,train,0120_2_01,49
491,train,0120_2_02,49
492,train,0120_2_03,49
493,train,0120_2_04,49
494,train,0120_2_05,49
495,train,0120_2_06,49
496,train,0120_2_07,49
497,train,0120_2_08,49
498,train,0120_2_09,49
499,train,0120_2_10,49
500,train,0123_2_01,50
501,train,0123_2_02,50
502,train,0123_2_03,50
503,train,0123_2_04,50
504,train,0123_2_05,50
505,train,0123_2_06,50
506,train,0123_2_07,50
507,train,0123_2_08,50
508,train,0123_2_09,50
509,train,0123_2_10,50
510,train,0124_2_01,51
511,train,0124_2_02,51
512,train,0124_2_03,51
513,train,0124_2_04,51
514,train,0124_2_05,51
515,train,0124_2_06,51
516,train,0124_2_07,51
517,train,0124_2_08,51
518,train,0124_2_09,51
519,train,0124_2_10,51
520,train,0126_2_01,52
521,train,0126_2_02,52
522,train,0126_2_03,52
523,train,0126_2_04,52
524,train,0126_2_05,52
525,train,0126_2_06,52
526,train,0126_2_07,52
527,train,0126_2_08,52
528,train,0126_2_09,52
529,train,0126_2_10,52
530,train,0127_2_01,53
531,train,0127_2_02,53
532,train,0127_2_03,53
533,train,0127_2_04,53
534,train,0127_2_05,53
535,train,0127_2_06,53
536,train,0127_2_07,53
537,train,0127_2_08,53
538,train,0127_2_09,53
539,train,0127_2_10,53
540,train,0128_2_01,54
541,train,0128_2_02,54
542,train,0128_2_03,54
543,train,0128_2_04,54
544,train,0128_2_05,54
545,train,0128_2_06,54
546,train,0128_2_07,54
547,train,0128_2_08,54
548,train,0128_2_09,54
549,train,0128_2_10,54
550,train,0129_2_01,55
551,train,0129_2_02,55
552,train,0129_2_03,55
553,train,0129_2_04,55
554,train,0129_2_05,55
555,train,0129_2_06,55
556,train,0129_2_07,55
557,train,0129_2_08,55
558,train,0129_2_09,55
559,train,0129_2_10,55
560,train,0131_2_01,56
561,train,0131_2_02,56
562,train,0131_2_03,56
563,train,0131_2_04,56
564,train,0131_2_05,56
565,train,0131_2_06,56
566,train,0131_2_07,56
567,train,0131_2_08,56
568,train,0131_2_09,56
569,train,0131_2_10,56
570,train,0132_2_01,57
571,train,0132_2_02,57
572,train,0132_2_03,57
573,train,0132_2_04,57
574,train,0132_2_05,57
575,train,0132_2_06,57
576,train,0132_2_07,57
577,train,0132_2_08,57
578,train,0132_2_09,57
579,train,0132_2_10,57
580,train,0133_2_01,58
581,train,0133_2_02,58
582,train,0133_2_03,58
583,train,0133_2_04,58
584,train,0133_2_05,58
585,train,0133_2_06,58
586,train,0133_2_07,58
587,train,0133_2_08,58
588,train,0133_2_09,58
589,train,0133_2_10,58
590,train,0134_2_01,59
591,train,0134_2_02,59
592,train,0134_2_03,59
593,train,0134_2_04,59
594,train,0134_2_05,59
595,train,0134_2_06,59
596,train,0134_2_07,59
597,train,0134_2_08,59
598,train,0134_2_09,59
599,train,0134_2_10,59
600,train,0137_2_01,60
601,train,0137_2_02,60
602,train,0137_2_03,60
603,train,0137_2_04,60
604,train,0137_2_05,60
605,train,0137_2_06,60
606,train,0137_2_07,60
607,train,0137_2_08,60
608,train,0137_2_09,60
609,train,0137_2_10,60
610,train,0140_2_01,61
611,train,0140_2_02,61
612,train,0140_2_03,61
613,train,0140_2_04,61
614,train,0140_2_05,61
615,train,0140_2_06,61
616,train,0140_2_07,61
617,train,0140_2_08,61
618,train,0140_2_09,61
619,train,0140_2_10,61
620,train,0141_2_01,62
621,train,0141_2_02,62
622,train,0141_2_03,62
623,train,0141_2_04,62
624,train,0141_2_05,62
625,train,0141_2_06,62
626,train,0141_2_07,62
627,train,0141_2_08,62
628,train,0141_2_09,62
629,train,0141_2_10,62
630,train,0144_2_01,63
631,train,0144_2_02,63
632,train,0144_2_03,63
633,train,0144_2_04,63
634,train,0144_2_05,63
635,train,0144_2_06,63
636,train,0144_2_07,63
637,train,0144_2_08,63
638,train,0144_2_09,63
639,train,0144_2_10,63
640,train,0145_2_01,64
641,train,0145_2_02,64
642,train,0145_2_03,64
643,train,0145_2_04,64
644,train,0145_2_05,64
645,train,0145_2_06,64
646,train,0145_2_07,64
647,train,0145_2_08,64
648,train,0145_2_09,64
649,train,0145_2_10,64
650,train,0147_2_01,65
651,train,0147_2_02,65
652,train,0147_2_03,65
653,train,0147_2_04,65
654,train,0147_2_05,65
655,train,0147_2_06,65
656,train,0147_2_07,65
657,train,0147_2_08,65
658,train,0147_2_09,65
659,train,0147_2_10,65
660,train,0148_2_01,66
661,train,0148_2_02,66
662,train,0148_2_03,66
663,train,0148_2_04,66
664,train,0148_2_05,66
665,train,0148_2_06,66
666,train,0148_2_07,66
667,train,0148_2_08,66
668,train,0148_2_09,66
669,train,0148_2_10,66
670,train,0149_2_01,67
671,train,0149_2_02,67
672,train,0149_2_03,67
673,train,0149_2_04,67
674,train,0149_2_05,67
675,train,0149_2_06,67
676,train,0149_2_07,67
677,train,0149_2_08,67
678,train,0149_2_09,67
679,train,0149_2_10,67
680,train,0152_2_01,68
681,train,0152_2_02,68
682,train,0152_2_03,68
683,train,0152_2_04,68
684,train,0152_2_05,68
685,train,0152_2_06,68
686,train,0152_2_07,68
687,train,0152_2_08,68
688,train,0152_2_09,68
689,train,0152_2_10,68
690,train,0153_2_01,69
691,train,0153_2_02,69
692,train,0153_2_03,69
693,train,0153_2_04,69
694,train,0153_2_05,69
695,train,0153_2_06,69
696,train,0153_2_07,69
697,train,0153_2_08,69
698,train,0153_2_09,69
699,train,0153_2_10,69
700,train,0154_2_01,70
701,train,0154_2_02,70
702,train,0154_2_03,70
703,train,0154_2_04,70
704,train,0154_2_05,70
705,train,0154_2_06,70
706,train,0154_2_07,70
707,train,0154_2_08,70
708,train,0154_2_09,70
709,train,0154_2_10,70
710,train,0156_2_01,71
711,train,0156_2_02,71
712,train,0156_2_03,71
713,train,0156_2_04,71
714,train,0156_2_05,71
715,train,0156_2_06,71
716,train,0156_2_07,71
717,train,0156_2_08,71
718,train,0156_2_09,71
719,train,0156_2_10,71
720,train,0160_2_01,72
721,train,0160_2_02,72
722,train,0160_2_03,72
723,train,0160_2_04,72
724,train,0160_2_05,72
725,train,0160_2_06,72
726,train,0160_2_07,72
727,train,0160_2_08,72
728,train,0160_2_09,72
729,train,0160_2_10,72
730,train,0162_2_01,73
731,train,0162_2_02,73
732,train,0162_2_03,73
733,train,0162_2_04,73
734,train,0162_2_05,73
735,train,0162_2_06,73
736,train,0162_2_07,73
737,train,0162_2_08,73
738,train,0162_2_09,73
739,train,0162_2_10,73
740,train,0164_2_01,74
741,train,0164_2_02,74
742,train,0164_2_03,74
743,train,0164_2_04,74
744,train,0164_2_05,74
745,train,0164_2_06,74
746,train,0164_2_07,74
747,train,0164_2_08,74
748,train,0164_2_09,74
749,train,0164_2_10,74
750,train,0169_2_01,75
751,train,0169_2_02,75
752,train,0169_2_03,75
753,train,0169_2_04,75
754,train,0169_2_05,75
755,train,0169_2_06,75
756,train,0169_2_07,75
757,train,0169_2_08,75
758,train,0169_2_09,75
759,train,0169_2_10,75
760,train,0171_2_01,76
761,train,0171_2_02,76
762,train,0171_2_03,76
763,train,0171_2_04,76
764,train,0171_2_05,76
765,train,0171_2_06,76
766,train,0171_2_07,76
767,train,0171_2_08,76
768,train,0171_2_09,76
769,train,0171_2_10,76
770,train,0172_2_01,77
771,train,0172_2_02,77
772,train,0172_2_03,77
773,train,0172_2_04,77
774,train,0172_2_05,77
775,train,0172_2_06,77
776,train,0172_2_07,77
777,train,0172_2_08,77
778,train,0172_2_09,77
779,train,0172_2_10,77
780,train,0173_2_01,78
781,train,0173_2_02,78
782,train,0173_2_03,78
783,train,0173_2_04,78
784,train,0173_2_05,78
785,train,0173_2_06,78
786,train,0173_2_07,78
787,train,0173_2_08,78
788,train,0173_2_09,78
789,train,0173_2_10,78
790,train,0176_2_01,79
791,train,0176_2_02,79
792,train,0176_2_03,79
793,train,0176_2_04,79
794,train,0176_2_05,79
795,train,0176_2_06,79
796,train,0176_2_07,79
797,train,0176_2_08,79
798,train,0176_2_09,79
799,train,0176_2_10,79
800,train,0177_2_01,80
801,train,0177_2_02,80
802,train,0177_2_03,80
803,train,0177_2_04,80
804,train,0177_2_05,80
805,train,0177_2_06,80
806,train,0177_2_07,80
807,train,0177_2_08,80
808,train,0177_2_09,80
809,train,0177_2_10,80
810,train,0182_2_01,81
811,train,0182_2_02,81
812,train,0182_2_03,81
813,train,0182_2_04,81
814,train,0182_2_05,81
815,train,0182_2_06,81
816,train,0182_2_07,81
817,train,0182_2_08,81
818,train,0182_2_09,81
819,train,0182_2_10,81
820,train,0183_2_01,82
821,train,0183_2_02,82
822,train,0183_2_03,82
823,train,0183_2_04,82
824,train,0183_2_05,82
825,train,0183_2_06,82
826,train,0183_2_07,82
827,train,0183_2_08,82
828,train,0183_2_09,82
829,train,0183_2_10,82
830,train,0184_2_01,83
831,train,0184_2_02,83
832,train,0184_2_03,83
833,train,0184_2_04,83
834,train,0184_2_05,83
835,train,0184_2_06,83
836,train,0184_2_07,83
837,train,0184_2_08,83
838,train,0184_2_09,83
839,train,0184_2_10,83
840,train,0186_2_01,84
841,train,0186_2_02,84
842,train,0186_2_03,84
843,train,0186_2_04,84
844,train,0186_2_05,84
845,train,0186_2_06,84
846,train,0186_2_07,84
847,train,0186_2_08,84
848,train,0186_2_09,84
849,train,0186_2_10,84
850,train,0188_2_01,85
851,train,0188_2_02,85
852,train,0188_2_03,85
853,train,0188_2_04,85
854,train,0188_2_05,85
855,train,0188_2_06,85
856,train,0188_2_07,85
857,train,0188_2_08,85
858,train,0188_2_09,85
859,train,0188_2_10,85
860,train,0196_2_01,86
861,train,0196_2_02,86
862,train,0196_2_03,86
863,train,0196_2_04,86
864,train,0196_2_05,86
865,train,0196_2_06,86
866,train,0196_2_07,86
867,train,0196_2_08,86
868,train,0196_2_09,86
869,train,0196_2_10,86
870,train,0199_2_01,87
871,train,0199_2_02,87
872,train,0199_2_03,87
873,train,0199_2_04,87
874,train,0199_2_05,87
875,train,0199_2_06,87
876,train,0199_2_07,87
877,train,0199_2_08,87
878,train,0199_2_09,87
879,train,0199_2_10,87
880,train,0200_2_01,88
881,train,0200_2_02,88
882,train,0200_2_03,88
883,train,0200_2_04,88
884,train,0200_2_05,88
885,train,0200_2_06,88
886,train,0200_2_07,88
887,train,0200_2_08,88
888,train,0200_2_09,88
889,train,0200_2_10,88
890,train,0204_2_01,89
891,train,0204_2_02,89
892,train,0204_2_03,89
893,train,0204_2_04,89
894,train,0204_2_05,89
895,train,0204_2_06,89
896,train,0204_2_07,89
897,train,0204_2_08,89
898,train,0204_2_09,89
899,train,0204_2_10,89
900,train,0208_2_01,90
901,train,0208_2_02,90
902,train,0208_2_03,90
903,train,0208_2_04,90
904,train,0208_2_05,90
905,train,0208_2_06,90
906,train,0208_2_07,90
907,train,0208_2_08,90
908,train,0208_2_09,90
909,train,0208_2_10,90
910,train,0210_2_01,91
911,train,0210_2_02,91
912,train,0210_2_03,91
913,train,0210_2_04,91
914,train,0210_2_05,91
915,train,0210_2_06,91
916,train,0210_2_07,91
917,train,0210_2_08,91
918,train,0210_2_09,91
919,train,0210_2_10,91
920,train,0213_2_01,92
921,train,0213_2_02,92
922,train,0213_2_03,92
923,train,0213_2_04,92
924,train,0213_2_05,92
925,train,0213_2_06,92
926,train,0213_2_07,92
927,train,0213_2_08,92
928,train,0213_2_09,92
929,train,0213_2_10,92
930,train,0216_2_01,93
931,train,0216_2_02,93
932,train,0216_2_03,93
933,train,0216_2_04,93
934,train,0216_2_05,93
935,train,0216_2_06,93
936,train,0216_2_07,93
937,train,0216_2_08,93
938,train,0216_2_09,93
939,train,0216_2_10,93
940,train,0217_2_01,94
941,train,0217_2_02,94
942,train,0217_2_03,94
943,train,0217_2_04,94
944,train,0217_2_05,94
945,train,0217_2_06,94
946,train,0217_2_07,94
947,train,0217_2_08,94
948,train,0217_2_09,94
949,train,0217_2_10,94
950,train,0220_2_01,95
951,train,0220_2_02,95
952,train,0220_2_03,95
953,train,0220_2_04,95
954,train,0220_2_05,95
955,train,0220_2_06,95
956,train,0220_2_07,95
957,train,0220_2_08,95
958,train,0220_2_09,95
959,train,0220_2_10,95
960,train,0223_2_01,96
961,train,0223_2_02,96
962,train,0223_2_03,96
963,train,0223_2_04,96
964,train,0223_2_05,96
965,train,0223_2_06,96
966,train,0223_2_07,96
967,train,0223_2_08,96
968,train,0223_2_09,96
969,train,0223_2_10,96
970,train,0224_2_01,97
971,train,0224_2_02,97
972,train,0224_2_03,97
973,train,0224_2_04,97
974,train,0224_2_05,97
975,train,0224_2_06,97
976,train,0224_2_07,97
977,train,0224_2_08,97
978,train,0224_2_09,97
979,train,0224_2_10,97
980,train,0226_2_01,98
981,train,0226_2_02,98
982,train,0226_2_03,98
983,train,0226_2_04,98
984,train,0226_2_05,98
985,train,0226_2_06,98
986,train,0226_2_07,98
987,train,0226_2_08,98
988,train,0226_2_09,98
989,train,0226_2_10,98
990,train,0231_2_01,99
991,train,0231_2_02,99
992,train,0231_2_03,99
993,train,0231_2_04,99
994,train,0231_2_05,99
995,train,0231_2_06,99
996,train,0231_2_07,99
997,train,0231_2_08,99
998,train,0231_2_09,99
999,train,0231_2_10,99
1000,train,0232_2_01,100
1001,train,0232_2_02,100
1002,train,0232_2_03,100
1003,train,0232_2_04,100
1004,train,0232_2_05,100
1005,train,0232_2_06,100
1006,train,0232_2_07,100
1007,train,0232_2_08,100
1008,train,0232_2_09,100
1009,train,0232_2_10,100
1010,train,0236_2_01,101
1011,train,0236_2_02,101
1012,train,0236_2_03,101
1013,train,0236_2_04,101
1014,train,0236_2_05,101
1015,train,0236_2_06,101
1016,train,0236_2_07,101
1017,train,0236_2_08,101
1018,train,0236_2_09,101
1019,train,0236_2_10,101
1020,train,0238_2_01,102
1021,train,0238_2_02,102
1022,train,0238_2_03,102
1023,train,0238_2_04,102
1024,train,0238_2_05,102
1025,train,0238_2_06,102
1026,train,0238_2_07,102
1027,train,0238_2_08,102
1028,train,0238_2_09,102
1029,train,0238_2_10,102
1030,train,0244_2_01,103
1031,train,0244_2_02,103
1032,train,0244_2_03,103
1033,train,0244_2_04,103
1034,train,0244_2_05,103
1035,train,0244_2_06,103
1036,train,0244_2_07,103
1037,train,0244_2_08,103
1038,train,0244_2_09,103
1039,train,0244_2_10,103
1040,train,0245_2_01,104
1041,train,0245_2_02,104
1042,train,0245_2_03,104
1043,train,0245_2_04,104
1044,train,0245_2_05,104
1045,train,0245_2_06,104
1046,train,0245_2_07,104
1047,train,0245_2_08,104
1048,train,0245_2_09,104
1049,train,0245_2_10,104
1050,train,0246_2_01,105
1051,train,0246_2_02,105
1052,train,0246_2_03,105
1053,train,0246_2_04,105
1054,train,0246_2_05,105
1055,train,0246_2_06,105
1056,train,0246_2_07,105
1057,train,0246_2_08,105
1058,train,0246_2_09,105
1059,train,0246_2_10,105
1060,train,0247_2_01,106
1061,train,0247_2_02,106
1062,train,0247_2_03,106
1063,train,0247_2_04,106
1064,train,0247_2_05,106
1065,train,0247_2_06,106
1066,train,0247_2_07,106
1067,train,0247_2_08,106
1068,train,0247_2_09,106
1069,train,0247_2_10,106
1070,train,0250_2_01,107
1071,train,0250_2_02,107
1072,train,0250_2_03,107
1073,train,0250_2_04,107
1074,train,0250_2_05,107
1075,train,0250_2_06,107
1076,train,0250_2_07,107
1077,train,0250_2_08,107
1078,train,0250_2_09,107
1079,train,0250_2_10,107
1080,train,0251_2_01,108
1081,train,0251_2_02,108
1082,train,0251_2_03,108
1083,train,0251_2_04,108
1084,train,0251_2_05,108
1085,train,0251_2_06,108
1086,train,0251_2_07,108
1087,train,0251_2_08,108
1088,train,0251_2_09,108
1089,train,0251_2_10,108
1090,train,0253_2_01,109
1091,train,0253_2_02,109
1092,train,0253_2_03,109
1093,train,0253_2_04,109
1094,train,0253_2_05,109
1095,train,0253_2_06,109
1096,train,0253_2_07,109
1097,train,0253_2_08,109
1098,train,0253_2_09,109
1099,train,0253_2_10,109
1100,train,0255_2_01,110
1101,train,0255_2_02,110
1102,train,0255_2_03,110
1103,train,0255_2_04,110
1104,train,0255_2_05,110
1105,train,0255_2_06,110
1106,train,0255_2_07,110
1107,train,0255_2_08,110
1108,train,0255_2_09,110
1109,train,0255_2_10,110
1110,train,0256_2_01,111
1111,train,0256_2_02,111
1112,train,0256_2_03,111
1113,train,0256_2_04,111
1114,train,0256_2_05,111
1115,train,0256_2_06,111
1116,train,0256_2_07,111
1117,train,0256_2_08,111
1118,train,0256_2_09,111
1119,train,0256_2_10,111
1120,train,0258_2_01,112
1121,train,0258_2_02,112
1122,train,0258_2_03,112
1123,train,0258_2_04,112
1124,train,0258_2_05,112
1125,train,0258_2_06,112
1126,train,0258_2_07,112
1127,train,0258_2_08,112
1128,train,0258_2_09,112
1129,train,0258_2_10,112
1130,train,0260_2_01,113
1131,train,0260_2_02,113
1132,train,0260_2_03,113
1133,train,0260_2_04,113
1134,train,0260_2_05,113
1135,train,0260_2_06,113
1136,train,0260_2_07,113
1137,train,0260_2_08,113
1138,train,0260_2_09,113
1139,train,0260_2_10,113
1140,train,0261_2_01,114
1141,train,0261_2_02,114
1142,train,0261_2_03,114
1143,train,0261_2_04,114
1144,train,0261_2_05,114
1145,train,0261_2_06,114
1146,train,0261_2_07,114
1147,train,0261_2_08,114
1148,train,0261_2_09,114
1149,train,0261_2_10,114
1150,train,0262_2_01,115
1151,train,0262_2_02,115
1152,train,0262_2_03,115
1153,train,0262_2_04,115
1154,train,0262_2_05,115
1155,train,0262_2_06,115
1156,train,0262_2_07,115
1157,train,0262_2_08,115
1158,train,0262_2_09,115
1159,train,0262_2_10,115
1160,train,0267_2_01,116
1161,train,0267_2_02,116
1162,train,0267_2_03,116
1163,train,0267_2_04,116
1164,train,0267_2_05,116
1165,train,0267_2_06,116
1166,train,0267_2_07,116
1167,train,0267_2_08,116
1168,train,0267_2_09,116
1169,train,0267_2_10,116
1170,train,0268_2_01,117
1171,train,0268_2_02,117
1172,train,0268_2_03,117
1173,train,0268_2_04,117
1174,train,0268_2_05,117
1175,train,0268_2_06,117
1176,train,0268_2_07,117
1177,train,0268_2_08,117
1178,train,0268_2_09,117
1179,train,0268_2_10,117
1180,train,0269_2_01,118
1181,train,0269_2_02,118
1182,train,0269_2_03,118
1183,train,0269_2_04,118
1184,train,0269_2_05,118
1185,train,0269_2_06,118
1186,train,0269_2_07,118
1187,train,0269_2_08,118
1188,train,0269_2_09,118
1189,train,0269_2_10,118
1190,train,0272_2_01,119
1191,train,0272_2_02,119
1192,train,0272_2_03,119
1193,train,0272_2_04,119
1194,train,0272_2_05,119
1195,train,0272_2_06,119
1196,train,0272_2_07,119
1197,train,0272_2_08,119
1198,train,0272_2_09,119
1199,train,0272_2_10,119
1200,train,0274_2_01,120
1201,train,0274_2_02,120
1202,train,0274_2_03,120
1203,train,0274_2_04,120
1204,train,0274_2_05,120
1205,train,0274_2_06,120
1206,train,0274_2_07,120
1207,train,0274_2_08,120
1208,train,0274_2_09,120
1209,train,0274_2_10,120
1210,train,0276_2_01,121
1211,train,0276_2_02,121
1212,train,0276_2_03,121
1213,train,0276_2_04,121
1214,train,0276_2_05,121
1215,train,0276_2_06,121
1216,train,0276_2_07,121
1217,train,0276_2_08,121
1218,train,0276_2_09,121
1219,train,0276_2_10,121
1220,train,0277_2_01,122
1221,train,0277_2_02,122
1222,train,0277_2_03,122
1223,train,0277_2_04,122
1224,train,0277_2_05,122
1225,train,0277_2_06,122
1226,train,0277_2_07,122
1227,train,0277_2_08,122
1228,train,0277_2_09,122
1229,train,0277_2_10,122
1230,train,0278_2_01,123
1231,train,0278_2_02,123
1232,train,0278_2_03,123
1233,train,0278_2_04,123
1234,train,0278_2_05,123
1235,train,0278_2_06,123
1236,train,0278_2_07,123
1237,train,0278_2_08,123
1238,train,0278_2_09,123
1239,train,0278_2_10,123
1240,train,0283_2_01,124
1241,train,0283_2_02,124
1242,train,0283_2_03,124
1243,train,0283_2_04,124
1244,train,0283_2_05,124
1245,train,0283_2_06,124
1246,train,0283_2_07,124
1247,train,0283_2_08,124
1248,train,0283_2_09,124
1249,train,0283_2_10,124
1250,train,0287_2_01,125
1251,train,0287_2_02,125
1252,train,0287_2_03,125
1253,train,0287_2_04,125
1254,train,0287_2_05,125
1255,train,0287_2_06,125
1256,train,0287_2_07,125
1257,train,0287_2_08,125
1258,train,0287_2_09,125
1259,train,0287_2_10,125
1260,train,0288_2_01,126
1261,train,0288_2_02,126
1262,train,0288_2_03,126
1263,train,0288_2_04,126
1264,train,0288_2_05,126
1265,train,0288_2_06,126
1266,train,0288_2_07,126
1267,train,0288_2_08,126
1268,train,0288_2_09,126
1269,train,0288_2_10,126
1270,train,0291_2_01,127
1271,train,0291_2_02,127
1272,train,0291_2_03,127
1273,train,0291_2_04,127
1274,train,0291_2_05,127
1275,train,0291_2_06,127
1276,train,0291_2_07,127
1277,train,0291_2_08,127
1278,train,0291_2_09,127
1279,train,0291_2_10,127
1280,train,0292_2_01,128
1281,train,0292_2_02,128
1282,train,0292_2_03,128
1283,train,0292_2_04,128
1284,train,0292_2_05,128
1285,train,0292_2_06,128
1286,train,0292_2_07,128
1287,train,0292_2_08,128
1288,train,0292_2_09,128
1289,train,0292_2_10,128
1290,train,0294_2_01,129
1291,train,0294_2_02,129
1292,train,0294_2_03,129
1293,train,0294_2_04,129
1294,train,0294_2_05,129
1295,train,0294_2_06,129
1296,train,0294_2_07,129
1297,train,0294_2_08,129
1298,train,0294_2_09,129
1299,train,0294_2_10,129
1300,train,0298_2_01,130
1301,train,0298_2_02,130
1302,train,0298_2_03,130
1303,train,0298_2_04,130
1304,train,0298_2_05,130
1305,train,0298_2_06,130
1306,train,0298_2_07,130
1307,train,0298_2_08,130
1308,train,0298_2_09,130
1309,train,0298_2_10,130
1310,train,0301_2_01,131
1311,train,0301_2_02,131
1312,train,0301_2_03,131
1313,train,0301_2_04,131
1314,train,0301_2_05,131
1315,train,0301_2_06,131
1316,train,0301_2_07,131
1317,train,0301_2_08,131
1318,train,0301_2_09,131
1319,train,0301_2_10,131
1320,train,0307_2_01,132
1321,train,0307_2_02,132
1322,train,0307_2_03,132
1323,train,0307_2_04,132
1324,train,0307_2_05,132
1325,train,0307_2_06,132
1326,train,0307_2_07,132
1327,train,0307_2_08,132
1328,train,0307_2_09,132
1329,train,0307_2_10,132
1330,train,0309_2_01,133
1331,train,0309_2_02,133
1332,train,0309_2_03,133
1333,train,0309_2_04,133
1334,train,0309_2_05,133
1335,train,0309_2_06,133
1336,train,0309_2_07,133
1337,train,0309_2_08,133
1338,train,0309_2_09,133
1339,train,0309_2_10,133
1340,train,0311_2_01,134
1341,train,0311_2_02,134
1342,train,0311_2_03,134
1343,train,0311_2_04,134
1344,train,0311_2_05,134
1345,train,0311_2_06,134
1346,train,0311_2_07,134
1347,train,0311_2_08,134
1348,train,0311_2_09,134
1349,train,0311_2_10,134
1350,train,0313_2_01,135
1351,train,0313_2_02,135
1352,train,0313_2_03,135
1353,train,0313_2_04,135
1354,train,0313_2_05,135
1355,train,0313_2_06,135
1356,train,0313_2_07,135
1357,train,0313_2_08,135
1358,train,0313_2_09,135
1359,train,0313_2_10,135
1360,train,0314_2_01,136
1361,train,0314_2_02,136
1362,train,0314_2_03,136
1363,train,0314_2_04,136
1364,train,0314_2_05,136
1365,train,0314_2_06,136
1366,train,0314_2_07,136
1367,train,0314_2_08,136
1368,train,0314_2_09,136
1369,train,0314_2_10,136
1370,train,0315_2_01,137
1371,train,0315_2_02,137
1372,train,0315_2_03,137
1373,train,0315_2_04,137
1374,train,0315_2_05,137
1375,train,0315_2_06,137
1376,train,0315_2_07,137
1377,train,0315_2_08,137
1378,train,0315_2_09,137
1379,train,0315_2_10,137
1380,train,0317_2_01,138
1381,train,0317_2_02,138
1382,train,0317_2_03,138
1383,train,0317_2_04,138
1384,train,0317_2_05,138
1385,train,0317_2_06,138
1386,train,0317_2_07,138
1387,train,0317_2_08,138
1388,train,0317_2_09,138
1389,train,0317_2_10,138
1390,train,0319_2_01,139
1391,train,0319_2_02,139
1392,train,0319_2_03,139
1393,train,0319_2_04,139
1394,train,0319_2_05,139
1395,train,0319_2_06,139
1396,train,0319_2_07,139
1397,train,0319_2_08,139
1398,train,0319_2_09,139
1399,train,0319_2_10,139
1400,train,0320_2_01,140
1401,train,0320_2_02,140
1402,train,0320_2_03,140
1403,train,0320_2_04,140
1404,train,0320_2_05,140
1405,train,0320_2_06,140
1406,train,0320_2_07,140
1407,train,0320_2_08,140
1408,train,0320_2_09,140
1409,train,0320_2_10,140
1410,train,0321_2_01,141
1411,train,0321_2_02,141
1412,train,0321_2_03,141
1413,train,0321_2_04,141
1414,train,0321_2_05,141
1415,train,0321_2_06,141
1416,train,0321_2_07,141
1417,train,0321_2_08,141
1418,train,0321_2_09,141
1419,train,0321_2_10,141
1420,train,0323_2_01,142
1421,train,0323_2_02,142
1422,train,0323_2_03,142
1423,train,0323_2_04,142
1424,train,0323_2_05,142
1425,train,0323_2_06,142
1426,train,0323_2_07,142
1427,train,0323_2_08,142
1428,train,0323_2_09,142
1429,train,0323_2_10,142
1430,train,0324_2_01,143
1431,train,0324_2_02,143
1432,train,0324_2_03,143
1433,train,0324_2_04,143
1434,train,0324_2_05,143
1435,train,0324_2_06,143
1436,train,0324_2_07,143
1437,train,0324_2_08,143
1438,train,0324_2_09,143
1439,train,0324_2_10,143
1440,train,0325_2_01,144
1441,train,0325_2_02,144
1442,train,0325_2_03,144
1443,train,0325_2_04,144
1444,train,0325_2_05,144
1445,train,0325_2_06,144
1446,train,0325_2_07,144
1447,train,0325_2_08,144
1448,train,0325_2_09,144
1449,train,0325_2_10,144
1450,train,0326_2_01,145
1451,train,0326_2_02,145
1452,train,0326_2_03,145
1453,train,0326_2_04,145
1454,train,0326_2_05,145
1455,train,0326_2_06,145
1456,train,0326_2_07,145
1457,train,0326_2_08,145
1458,train,0326_2_09,145
1459,train,0326_2_10,145
1460,train,0329_2_01,146
1461,train,0329_2_02,146
1462,train,0329_2_03,146
1463,train,0329_2_04,146
1464,train,0329_2_05,146
1465,train,0329_2_06,146
1466,train,0329_2_07,146
1467,train,0329_2_08,146
1468,train,0329_2_09,146
1469,train,0329_2_10,146
1470,train,0330_2_01,147
1471,train,0330_2_02,147
1472,train,0330_2_03,147
1473,train,0330_2_04,147
1474,train,0330_2_05,147
1475,train,0330_2_06,147
1476,train,0330_2_07,147
1477,train,0330_2_08,147
1478,train,0330_2_09,147
1479,train,0330_2_10,147
1480,train,0333_2_01,148
1481,train,0333_2_02,148
1482,train,0333_2_03,148
1483,train,0333_2_04,148
1484,train,0333_2_05,148
1485,train,0333_2_06,148
1486,train,0333_2_07,148
1487,train,0333_2_08,148
1488,train,0333_2_09,148
1489,train,0333_2_10,148
1490,train,0336_2_01,149
1491,train,0336_2_02,149
1492,train,0336_2_03,149
1493,train,0336_2_04,149
1494,train,0336_2_05,149
1495,train,0336_2_06,149
1496,train,0336_2_07,149
1497,train,0336_2_08,149
1498,train,0336_2_09,149
1499,train,0336_2_10,149
1500,train,0338_2_01,150
1501,train,0338_2_02,150
1502,train,0338_2_03,150
1503,train,0338_2_04,150
1504,train,0338_2_05,150
1505,train,0338_2_06,150
1506,train,0338_2_07,150
1507,train,0338_2_08,150
1508,train,0338_2_09,150
1509,train,0338_2_10,150
1510,train,0341_2_01,151
1511,train,0341_2_02,151
1512,train,0341_2_03,151
1513,train,0341_2_04,151
1514,train,0341_2_05,151
1515,train,0341_2_06,151
1516,train,0341_2_07,151
1517,train,0341_2_08,151
1518,train,0341_2_09,151
1519,train,0341_2_10,151
1520,train,0343_2_01,152
1521,train,0343_2_02,152
1522,train,0343_2_03,152
1523,train,0343_2_04,152
1524,train,0343_2_05,152
1525,train,0343_2_06,152
1526,train,0343_2_07,152
1527,train,0343_2_08,152
1528,train,0343_2_09,152
1529,train,0343_2_10,152
1530,train,0344_2_01,153
1531,train,0344_2_02,153
1532,train,0344_2_03,153
1533,train,0344_2_04,153
1534,train,0344_2_05,153
1535,train,0344_2_06,153
1536,train,0344_2_07,153
1537,train,0344_2_08,153
1538,train,0344_2_09,153
1539,train,0344_2_10,153
1540,train,0346_2_01,154
1541,train,0346_2_02,154
1542,train,0346_2_03,154
1543,train,0346_2_04,154
1544,train,0346_2_05,154
1545,train,0346_2_06,154
1546,train,0346_2_07,154
1547,train,0346_2_08,154
1548,train,0346_2_09,154
1549,train,0346_2_10,154
1550,train,0348_2_01,155
1551,train,0348_2_02,155
1552,train,0348_2_03,155
1553,train,0348_2_04,155
1554,train,0348_2_05,155
1555,train,0348_2_06,155
1556,train,0348_2_07,155
1557,train,0348_2_08,155
1558,train,0348_2_09,155
1559,train,0348_2_10,155
1560,train,0349_2_01,156
1561,train,0349_2_02,156
1562,train,0349_2_03,156
1563,train,0349_2_04,156
1564,train,0349_2_05,156
1565,train,0349_2_06,156
1566,train,0349_2_07,156
1567,train,0349_2_08,156
1568,train,0349_2_09,156
1569,train,0349_2_10,156
1570,train,0350_2_01,157
1571,train,0350_2_02,157
1572,train,0350_2_03,157
1573,train,0350_2_04,157
1574,train,0350_2_05,157
1575,train,0350_2_06,157
1576,train,0350_2_07,157
1577,train,0350_2_08,157
1578,train,0350_2_09,157
1579,train,0350_2_10,157
1580,train,0351_2_01,158
1581,train,0351_2_02,158
1582,train,0351_2_03,158
1583,train,0351_2_04,158
1584,train,0351_2_05,158
1585,train,0351_2_06,158
1586,train,0351_2_07,158
1587,train,0351_2_08,158
1588,train,0351_2_09,158
1589,train,0351_2_10,158
1590,train,0352_2_01,159
1591,train,0352_2_02,159
1592,train,0352_2_03,159
1593,train,0352_2_04,159
1594,train,0352_2_05,159
1595,train,0352_2_06,159
1596,train,0352_2_07,159
1597,train,0352_2_08,159
1598,train,0352_2_09,159
1599,train,0352_2_10,159
1600,train,0353_2_01,160
1601,train,0353_2_02,160
1602,train,0353_2_03,160
1603,train,0353_2_04,160
1604,train,0353_2_05,160
1605,train,0353_2_06,160
1606,train,0353_2_07,160
1607,train,0353_2_08,160
1608,train,0353_2_09,160
1609,train,0353_2_10,160
1610,train,0354_2_01,161
1611,train,0354_2_02,161
1612,train,0354_2_03,161
1613,train,0354_2_04,161
1614,train,0354_2_05,161
1615,train,0354_2_06,161
1616,train,0354_2_07,161
1617,train,0354_2_08,161
1618,train,0354_2_09,161
1619,train,0354_2_10,161
1620,train,0355_2_01,162
1621,train,0355_2_02,162
1622,train,0355_2_03,162
1623,train,0355_2_04,162
1624,train,0355_2_05,162
1625,train,0355_2_06,162
1626,train,0355_2_07,162
1627,train,0355_2_08,162
1628,train,0355_2_09,162
1629,train,0355_2_10,162
1630,train,0357_2_01,163
1631,train,0357_2_02,163
1632,train,0357_2_03,163
1633,train,0357_2_04,163
1634,train,0357_2_05,163
1635,train,0357_2_06,163
1636,train,0357_2_07,163
1637,train,0357_2_08,163
1638,train,0357_2_09,163
1639,train,0357_2_10,163
1640,train,0358_2_01,164
1641,train,0358_2_02,164
1642,train,0358_2_03,164
1643,train,0358_2_04,164
1644,train,0358_2_05,164
1645,train,0358_2_06,164
1646,train,0358_2_07,164
1647,train,0358_2_08,164
1648,train,0358_2_09,164
1649,train,0358_2_10,164
1650,train,0359_2_01,165
1651,train,0359_2_02,165
1652,train,0359_2_03,165
1653,train,0359_2_04,165
1654,train,0359_2_05,165
1655,train,0359_2_06,165
1656,train,0359_2_07,165
1657,train,0359_2_08,165
1658,train,0359_2_09,165
1659,train,0359_2_10,165
1660,train,0363_2_01,166
1661,train,0363_2_02,166
1662,train,0363_2_03,166
1663,train,0363_2_04,166
1664,train,0363_2_05,166
1665,train,0363_2_06,166
1666,train,0363_2_07,166
1667,train,0363_2_08,166
1668,train,0363_2_09,166
1669,train,0363_2_10,166
1670,train,0365_2_01,167
1671,train,0365_2_02,167
1672,train,0365_2_03,167
1673,train,0365_2_04,167
1674,train,0365_2_05,167
1675,train,0365_2_06,167
1676,train,0365_2_07,167
1677,train,0365_2_08,167
1678,train,0365_2_09,167
1679,train,0365_2_10,167
1680,train,0368_2_01,168
1681,train,0368_2_02,168
1682,train,0368_2_03,168
1683,train,0368_2_04,168
1684,train,0368_2_05,168
1685,train,0368_2_06,168
1686,train,0368_2_07,168
1687,train,0368_2_08,168
1688,train,0368_2_09,168
1689,train,0368_2_10,168
1690,train,0372_2_01,169
1691,train,0372_2_02,169
1692,train,0372_2_03,169
1693,train,0372_2_04,169
1694,train,0372_2_05,169
1695,train,0372_2_06,169
1696,train,0372_2_07,169
1697,train,0372_2_08,169
1698,train,0372_2_09,169
1699,train,0372_2_10,169
1700,train,0374_2_01,170
1701,train,0374_2_02,170
1702,train,0374_2_03,170
1703,train,0374_2_04,170
1704,train,0374_2_05,170
1705,train,0374_2_06,170
1706,train,0374_2_07,170
1707,train,0374_2_08,170
1708,train,0374_2_09,170
1709,train,0374_2_10,170
1710,train,0375_2_01,171
1711,train,0375_2_02,171
1712,train,0375_2_03,171
1713,train,0375_2_04,171
1714,train,0375_2_05,171
1715,train,0375_2_06,171
1716,train,0375_2_07,171
1717,train,0375_2_08,171
1718,train,0375_2_09,171
1719,train,0375_2_10,171
1720,train,0376_2_01,172
1721,train,0376_2_02,172
1722,train,0376_2_03,172
1723,train,0376_2_04,172
1724,train,0376_2_05,172
1725,train,0376_2_06,172
1726,train,0376_2_07,172
1727,train,0376_2_08,172
1728,train,0376_2_09,172
1729,train,0376_2_10,172
1730,train,0377_2_01,173
1731,train,0377_2_02,173
1732,train,0377_2_03,173
1733,train,0377_2_04,173
1734,train,0377_2_05,173
1735,train,0377_2_06,173
1736,train,0377_2_07,173
1737,train,0377_2_08,173
1738,train,0377_2_09,173
1739,train,0377_2_10,173
1740,train,0378_2_01,174
1741,train,0378_2_02,174
1742,train,0378_2_03,174
1743,train,0378_2_04,174
1744,train,0378_2_05,174
1745,train,0378_2_06,174
1746,train,0378_2_07,174
1747,train,0378_2_08,174
1748,train,0378_2_09,174
1749,train,0378_2_10,174
1750,train,0380_2_01,175
1751,train,0380_2_02,175
1752,train,0380_2_03,175
1753,train,0380_2_04,175
1754,train,0380_2_05,175
1755,train,0380_2_06,175
1756,train,0380_2_07,175
1757,train,0380_2_08,175
1758,train,0380_2_09,175
1759,train,0380_2_10,175
1760,train,0381_2_01,176
1761,train,0381_2_02,176
1762,train,0381_2_03,176
1763,train,0381_2_04,176
1764,train,0381_2_05,176
1765,train,0381_2_06,176
1766,train,0381_2_07,176
1767,train,0381_2_08,176
1768,train,0381_2_09,176
1769,train,0381_2_10,176
1770,train,0382_2_01,177
1771,train,0382_2_02,177
1772,train,0382_2_03,177
1773,train,0382_2_04,177
1774,train,0382_2_05,177
1775,train,0382_2_06,177
1776,train,0382_2_07,177
1777,train,0382_2_08,177
1778,train,0382_2_09,177
1779,train,0382_2_10,177
1780,train,0387_2_01,178
1781,train,0387_2_02,178
1782,train,0387_2_03,178
1783,train,0387_2_04,178
1784,train,0387_2_05,178
1785,train,0387_2_06,178
1786,train,0387_2_07,178
1787,train,0387_2_08,178
1788,train,0387_2_09,178
1789,train,0387_2_10,178
1790,train,0388_2_01,179
1791,train,0388_2_02,179
1792,train,0388_2_03,179
1793,train,0388_2_04,179
1794,train,0388_2_05,179
1795,train,0388_2_06,179
1796,train,0388_2_07,179
1797,train,0388_2_08,179
1798,train,0388_2_09,179
1799,train,0388_2_10,179
1800,train,0392_2_01,180
1801,train,0392_2_02,180
1802,train,0392_2_03,180
1803,train,0392_2_04,180
1804,train,0392_2_05,180
1805,train,0392_2_06,180
1806,train,0392_2_07,180
1807,train,0392_2_08,180
1808,train,0392_2_09,180
1809,train,0392_2_10,180
1810,train,0393_2_01,181
1811,train,0393_2_02,181
1812,train,0393_2_03,181
1813,train,0393_2_04,181
1814,train,0393_2_05,181
1815,train,0393_2_06,181
1816,train,0393_2_07,181
1817,train,0393_2_08,181
1818,train,0393_2_09,181
1819,train,0393_2_10,181
1820,train,0394_2_01,182
1821,train,0394_2_02,182
1822,train,0394_2_03,182
1823,train,0394_2_04,182
1824,train,0394_2_05,182
1825,train,0394_2_06,182
1826,train,0394_2_07,182
1827,train,0394_2_08,182
1828,train,0394_2_09,182
1829,train,0394_2_10,182
1830,train,0395_2_01,183
1831,train,0395_2_02,183
1832,train,0395_2_03,183
1833,train,0395_2_04,183
1834,train,0395_2_05,183
1835,train,0395_2_06,183
1836,train,0395_2_07,183
1837,train,0395_2_08,183
1838,train,0395_2_09,183
1839,train,0395_2_10,183
1840,train,0396_2_01,184
1841,train,0396_2_02,184
1842,train,0396_2_03,184
1843,train,0396_2_04,184
1844,train,0396_2_05,184
1845,train,0396_2_06,184
1846,train,0396_2_07,184
1847,train,0396_2_08,184
1848,train,0396_2_09,184
1849,train,0396_2_10,184
1850,train,0397_2_01,185
1851,train,0397_2_02,185
1852,train,0397_2_03,185
1853,train,0397_2_04,185
1854,train,0397_2_05,185
1855,train,0397_2_06,185
1856,train,0397_2_07,185
1857,train,0397_2_08,185
1858,train,0397_2_09,185
1859,train,0397_2_10,185
1860,train,0398_2_01,186
1861,train,0398_2_02,186
1862,train,0398_2_03,186
1863,train,0398_2_04,186
1864,train,0398_2_05,186
1865,train,0398_2_06,186
1866,train,0398_2_07,186
1867,train,0398_2_08,186
1868,train,0398_2_09,186
1869,train,0398_2_10,186
1870,train,0403_2_01,187
1871,train,0403_2_02,187
1872,train,0403_2_03,187
1873,train,0403_2_04,187
1874,train,0403_2_05,187
1875,train,0403_2_06,187
1876,train,0403_2_07,187
1877,train,0403_2_08,187
1878,train,0403_2_09,187
1879,train,0403_2_10,187
1880,train,0404_2_01,188
1881,train,0404_2_02,188
1882,train,0404_2_03,188
1883,train,0404_2_04,188
1884,train,0404_2_05,188
1885,train,0404_2_06,188
1886,train,0404_2_07,188
1887,train,0404_2_08,188
1888,train,0404_2_09,188
1889,train,0404_2_10,188
1890,train,0405_2_01,189
1891,train,0405_2_02,189
1892,train,0405_2_03,189
1893,train,0405_2_04,189
1894,train,0405_2_05,189
1895,train,0405_2_06,189
1896,train,0405_2_07,189
1897,train,0405_2_08,189
1898,train,0405_2_09,189
1899,train,0405_2_10,189
1900,train,0407_2_01,190
1901,train,0407_2_02,190
1902,train,0407_2_03,190
1903,train,0407_2_04,190
1904,train,0407_2_05,190
1905,train,0407_2_06,190
1906,train,0407_2_07,190
1907,train,0407_2_08,190
1908,train,0407_2_09,190
1909,train,0407_2_10,190
1910,train,0408_2_01,191
1911,train,0408_2_02,191
1912,train,0408_2_03,191
1913,train,0408_2_04,191
1914,train,0408_2_05,191
1915,train,0408_2_06,191
1916,train,0408_2_07,191
1917,train,0408_2_08,191
1918,train,0408_2_09,191
1919,train,0408_2_10,191
1920,train,0409_2_01,192
1921,train,0409_2_02,192
1922,train,0409_2_03,192
1923,train,0409_2_04,192
1924,train,0409_2_05,192
1925,train,0409_2_06,192
1926,train,0409_2_07,192
1927,train,0409_2_08,192
1928,train,0409_2_09,192
1929,train,0409_2_10,192
1930,train,0410_2_01,193
1931,train,0410_2_02,193
1932,train,0410_2_03,193
1933,train,0410_2_04,193
1934,train,0410_2_05,193
1935,train,0410_2_06,193
1936,train,0410_2_07,193
1937,train,0410_2_08,193
1938,train,0410_2_09,193
1939,train,0410_2_10,193
1940,train,0413_2_01,194
1941,train,0413_2_02,194
1942,train,0413_2_03,194
1943,train,0413_2_04,194
1944,train,0413_2_05,194
1945,train,0413_2_06,194
1946,train,0413_2_07,194
1947,train,0413_2_08,194
1948,train,0413_2_09,194
1949,train,0413_2_10,194
1950,train,0416_2_01,195
1951,train,0416_2_02,195
1952,train,0416_2_03,195
1953,train,0416_2_04,195
1954,train,0416_2_05,195
1955,train,0416_2_06,195
1956,train,0416_2_07,195
1957,train,0416_2_08,195
1958,train,0416_2_09,195
1959,train,0416_2_10,195
1960,train,0419_2_01,196
1961,train,0419_2_02,196
1962,train,0419_2_03,196
1963,train,0419_2_04,196
1964,train,0419_2_05,196
1965,train,0419_2_06,196
1966,train,0419_2_07,196
1967,train,0419_2_08,196
1968,train,0419_2_09,196
1969,train,0419_2_10,196
1970,train,0420_2_01,197
1971,train,0420_2_02,197
1972,train,0420_2_03,197
1973,train,0420_2_04,197
1974,train,0420_2_05,197
1975,train,0420_2_06,197
1976,train,0420_2_07,197
1977,train,0420_2_08,197
1978,train,0420_2_09,197
1979,train,0420_2_10,197
1980,train,0423_2_01,198
1981,train,0423_2_02,198
1982,train,0423_2_03,198
1983,train,0423_2_04,198
1984,train,0423_2_05,198
1985,train,0423_2_06,198
1986,train,0423_2_07,198
1987,train,0423_2_08,198
1988,train,0423_2_09,198
1989,train,0423_2_10,198
1990,train,0424_2_01,199
1991,train,0424_2_02,199
1992,train,0424_2_03,199
1993,train,0424_2_04,199
1994,train,0424_2_05,199
1995,train,0424_2_06,199
1996,train,0424_2_07,199
1997,train,0424_2_08,199
1998,train,0424_2_09,199
1999,train,0424_2_10,199
2000,train,0428_2_01,200
2001,train,0428_2_02,200
2002,train,0428_2_03,200
2003,train,0428_2_04,200
2004,train,0428_2_05,200
2005,train,0428_2_06,200
2006,train,0428_2_07,200
2007,train,0428_2_08,200
2008,train,0428_2_09,200
2009,train,0428_2_10,200
2010,train,0429_2_01,201
2011,train,0429_2_02,201
2012,train,0429_2_03,201
2013,train,0429_2_04,201
2014,train,0429_2_05,201
2015,train,0429_2_06,201
2016,train,0429_2_07,201
2017,train,0429_2_08,201
2018,train,0429_2_09,201
2019,train,0429_2_10,201
2020,train,0430_2_01,202
2021,train,0430_2_02,202
2022,train,0430_2_03,202
2023,train,0430_2_04,202
2024,train,0430_2_05,202
2025,train,0430_2_06,202
2026,train,0430_2_07,202
2027,train,0430_2_08,202
2028,train,0430_2_09,202
2029,train,0430_2_10,202
2030,train,0431_2_01,203
2031,train,0431_2_02,203
2032,train,0431_2_03,203
2033,train,0431_2_04,203
2034,train,0431_2_05,203
2035,train,0431_2_06,203
2036,train,0431_2_07,203
2037,train,0431_2_08,203
2038,train,0431_2_09,203
2039,train,0431_2_10,203
2040,train,0432_2_01,204
2041,train,0432_2_02,204
2042,train,0432_2_03,204
2043,train,0432_2_04,204
2044,train,0432_2_05,204
2045,train,0432_2_06,204
2046,train,0432_2_07,204
2047,train,0432_2_08,204
2048,train,0432_2_09,204
2049,train,0432_2_10,204
2050,train,0434_2_01,205
2051,train,0434_2_02,205
2052,train,0434_2_03,205
2053,train,0434_2_04,205
2054,train,0434_2_05,205
2055,train,0434_2_06,205
2056,train,0434_2_07,205
2057,train,0434_2_08,205
2058,train,0434_2_09,205
2059,train,0434_2_10,205
2060,train,0435_2_01,206
2061,train,0435_2_02,206
2062,train,0435_2_03,206
2063,train,0435_2_04,206
2064,train,0435_2_05,206
2065,train,0435_2_06,206
2066,train,0435_2_07,206
2067,train,0435_2_08,206
2068,train,0435_2_09,206
2069,train,0435_2_10,206
2070,train,0439_2_01,207
2071,train,0439_2_02,207
2072,train,0439_2_03,207
2073,train,0439_2_04,207
2074,train,0439_2_05,207
2075,train,0439_2_06,207
2076,train,0439_2_07,207
2077,train,0439_2_08,207
2078,train,0439_2_09,207
2079,train,0439_2_10,207
2080,train,0441_2_01,208
2081,train,0441_2_02,208
2082,train,0441_2_03,208
2083,train,0441_2_04,208
2084,train,0441_2_05,208
2085,train,0441_2_06,208
2086,train,0441_2_07,208
2087,train,0441_2_08,208
2088,train,0441_2_09,208
2089,train,0441_2_10,208
2090,train,0443_2_01,209
2091,train,0443_2_02,209
2092,train,0443_2_03,209
2093,train,0443_2_04,209
2094,train,0443_2_05,209
2095,train,0443_2_06,209
2096,train,0443_2_07,209
2097,train,0443_2_08,209
2098,train,0443_2_09,209
2099,train,0443_2_10,209
2100,train,0447_2_01,210
2101,train,0447_2_02,210
2102,train,0447_2_03,210
2103,train,0447_2_04,210
2104,train,0447_2_05,210
2105,train,0447_2_06,210
2106,train,0447_2_07,210
2107,train,0447_2_08,210
2108,train,0447_2_09,210
2109,train,0447_2_10,210
2110,train,0448_2_01,211
2111,train,0448_2_02,211
2112,train,0448_2_03,211
2113,train,0448_2_04,211
2114,train,0448_2_05,211
2115,train,0448_2_06,211
2116,train,0448_2_07,211
2117,train,0448_2_08,211
2118,train,0448_2_09,211
2119,train,0448_2_10,211
2120,train,0449_2_01,212
2121,train,0449_2_02,212
2122,train,0449_2_03,212
2123,train,0449_2_04,212
2124,train,0449_2_05,212
2125,train,0449_2_06,212
2126,train,0449_2_07,212
2127,train,0449_2_08,212
2128,train,0449_2_09,212
2129,train,0449_2_10,212
2130,train,0450_2_01,213
2131,train,0450_2_02,213
2132,train,0450_2_03,213
2133,train,0450_2_04,213
2134,train,0450_2_05,213
2135,train,0450_2_06,213
2136,train,0450_2_07,213
2137,train,0450_2_08,213
2138,train,0450_2_09,213
2139,train,0450_2_10,213
2140,train,0452_2_01,214
2141,train,0452_2_02,214
2142,train,0452_2_03,214
2143,train,0452_2_04,214
2144,train,0452_2_05,214
2145,train,0452_2_06,214
2146,train,0452_2_07,214
2147,train,0452_2_08,214
2148,train,0452_2_09,214
2149,train,0452_2_10,214
2150,train,0453_2_01,215
2151,train,0453_2_02,215
2152,train,0453_2_03,215
2153,train,0453_2_04,215
2154,train,0453_2_05,215
2155,train,0453_2_06,215
2156,train,0453_2_07,215
2157,train,0453_2_08,215
2158,train,0453_2_09,215
2159,train,0453_2_10,215
2160,train,0455_2_01,216
2161,train,0455_2_02,216
2162,train,0455_2_03,216
2163,train,0455_2_04,216
2164,train,0455_2_05,216
2165,train,0455_2_06,216
2166,train,0455_2_07,216
2167,train,0455_2_08,216
2168,train,0455_2_09,216
2169,train,0455_2_10,216
2170,train,0456_2_01,217
2171,train,0456_2_02,217
2172,train,0456_2_03,217
2173,train,0456_2_04,217
2174,train,0456_2_05,217
2175,train,0456_2_06,217
2176,train,0456_2_07,217
2177,train,0456_2_08,217
2178,train,0456_2_09,217
2179,train,0456_2_10,217
2180,train,0457_2_01,218
2181,train,0457_2_02,218
2182,train,0457_2_03,218
2183,train,0457_2_04,218
2184,train,0457_2_05,218
2185,train,0457_2_06,218
2186,train,0457_2_07,218
2187,train,0457_2_08,218
2188,train,0457_2_09,218
2189,train,0457_2_10,218
2190,train,0459_2_01,219
2191,train,0459_2_02,219
2192,train,0459_2_03,219
2193,train,0459_2_04,219
2194,train,0459_2_05,219
2195,train,0459_2_06,219
2196,train,0459_2_07,219
2197,train,0459_2_08,219
2198,train,0459_2_09,219
2199,train,0459_2_10,219
2200,train,0460_2_01,220
2201,train,0460_2_02,220
2202,train,0460_2_03,220
2203,train,0460_2_04,220
2204,train,0460_2_05,220
2205,train,0460_2_06,220
2206,train,0460_2_07,220
2207,train,0460_2_08,220
2208,train,0460_2_09,220
2209,train,0460_2_10,220
2210,train,0461_2_01,221
2211,train,0461_2_02,221
2212,train,0461_2_03,221
2213,train,0461_2_04,221
2214,train,0461_2_05,221
2215,train,0461_2_06,221
2216,train,0461_2_07,221
2217,train,0461_2_08,221
2218,train,0461_2_09,221
2219,train,0461_2_10,221
2220,train,0462_2_01,222
2221,train,0462_2_02,222
2222,train,0462_2_03,222
2223,train,0462_2_04,222
2224,train,0462_2_05,222
2225,train,0462_2_06,222
2226,train,0462_2_07,222
2227,train,0462_2_08,222
2228,train,0462_2_09,222
2229,train,0462_2_10,222
2230,train,0463_2_01,223
2231,train,0463_2_02,223
2232,train,0463_2_03,223
2233,train,0463_2_04,223
2234,train,0463_2_05,223
2235,train,0463_2_06,223
2236,train,0463_2_07,223
2237,train,0463_2_08,223
2238,train,0463_2_09,223
2239,train,0463_2_10,223
2240,train,0464_2_01,224
2241,train,0464_2_02,224
2242,train,0464_2_03,224
2243,train,0464_2_04,224
2244,train,0464_2_05,224
2245,train,0464_2_06,224
2246,train,0464_2_07,224
2247,train,0464_2_08,224
2248,train,0464_2_09,224
2249,train,0464_2_10,224
2250,train,0465_2_01,225
2251,train,0465_2_02,225
2252,train,0465_2_03,225
2253,train,0465_2_04,225
2254,train,0465_2_05,225
2255,train,0465_2_06,225
2256,train,0465_2_07,225
2257,train,0465_2_08,225
2258,train,0465_2_09,225
2259,train,0465_2_10,225
2260,train,0466_2_01,226
2261,train,0466_2_02,226
2262,train,0466_2_03,226
2263,train,0466_2_04,226
2264,train,0466_2_05,226
2265,train,0466_2_06,226
2266,train,0466_2_07,226
2267,train,0466_2_08,226
2268,train,0466_2_09,226
2269,train,0466_2_10,226
2270,train,0469_2_01,227
2271,train,0469_2_02,227
2272,train,0469_2_03,227
2273,train,0469_2_04,227
2274,train,0469_2_05,227
2275,train,0469_2_06,227
2276,train,0469_2_07,227
2277,train,0469_2_08,227
2278,train,0469_2_09,227
2279,train,0469_2_10,227
2280,train,0471_2_01,228
2281,train,0471_2_02,228
2282,train,0471_2_03,228
2283,train,0471_2_04,228
2284,train,0471_2_05,228
2285,train,0471_2_06,228
2286,train,0471_2_07,228
2287,train,0471_2_08,228
2288,train,0471_2_09,228
2289,train,0471_2_10,228
2290,train,0472_2_01,229
2291,train,0472_2_02,229
2292,train,0472_2_03,229
2293,train,0472_2_04,229
2294,train,0472_2_05,229
2295,train,0472_2_06,229
2296,train,0472_2_07,229
2297,train,0472_2_08,229
2298,train,0472_2_09,229
2299,train,0472_2_10,229
2300,train,0475_2_01,230
2301,train,0475_2_02,230
2302,train,0475_2_03,230
2303,train,0475_2_04,230
2304,train,0475_2_05,230
2305,train,0475_2_06,230
2306,train,0475_2_07,230
2307,train,0475_2_08,230
2308,train,0475_2_09,230
2309,train,0475_2_10,230
2310,train,0476_2_01,231
2311,train,0476_2_02,231
2312,train,0476_2_03,231
2313,train,0476_2_04,231
2314,train,0476_2_05,231
2315,train,0476_2_06,231
2316,train,0476_2_07,231
2317,train,0476_2_08,231
2318,train,0476_2_09,231
2319,train,0476_2_10,231
2320,train,0478_2_01,232
2321,train,0478_2_02,232
2322,train,0478_2_03,232
2323,train,0478_2_04,232
2324,train,0478_2_05,232
2325,train,0478_2_06,232
2326,train,0478_2_07,232
2327,train,0478_2_08,232
2328,train,0478_2_09,232
2329,train,0478_2_10,232
2330,train,0479_2_01,233
2331,train,0479_2_02,233
2332,train,0479_2_03,233
2333,train,0479_2_04,233
2334,train,0479_2_05,233
2335,train,0479_2_06,233
2336,train,0479_2_07,233
2337,train,0479_2_08,233
2338,train,0479_2_09,233
2339,train,0479_2_10,233
2340,train,0481_2_01,234
2341,train,0481_2_02,234
2342,train,0481_2_03,234
2343,train,0481_2_04,234
2344,train,0481_2_05,234
2345,train,0481_2_06,234
2346,train,0481_2_07,234
2347,train,0481_2_08,234
2348,train,0481_2_09,234
2349,train,0481_2_10,234
2350,train,0482_2_01,235
2351,train,0482_2_02,235
2352,train,0482_2_03,235
2353,train,0482_2_04,235
2354,train,0482_2_05,235
2355,train,0482_2_06,235
2356,train,0482_2_07,235
2357,train,0482_2_08,235
2358,train,0482_2_09,235
2359,train,0482_2_10,235
2360,train,0483_2_01,236
2361,train,0483_2_02,236
2362,train,0483_2_03,236
2363,train,0483_2_04,236
2364,train,0483_2_05,236
2365,train,0483_2_06,236
2366,train,0483_2_07,236
2367,train,0483_2_08,236
2368,train,0483_2_09,236
2369,train,0483_2_10,236
2370,train,0485_2_01,237
2371,train,0485_2_02,237
2372,train,0485_2_03,237
2373,train,0485_2_04,237
2374,train,0485_2_05,237
2375,train,0485_2_06,237
2376,train,0485_2_07,237
2377,train,0485_2_08,237
2378,train,0485_2_09,237
2379,train,0485_2_10,237
2380,train,0486_2_01,238
2381,train,0486_2_02,238
2382,train,0486_2_03,238
2383,train,0486_2_04,238
2384,train,0486_2_05,238
2385,train,0486_2_06,238
2386,train,0486_2_07,238
2387,train,0486_2_08,238
2388,train,0486_2_09,238
2389,train,0486_2_10,238
2390,train,0487_2_01,239
2391,train,0487_2_02,239
2392,train,0487_2_03,239
2393,train,0487_2_04,239
2394,train,0487_2_05,239
2395,train,0487_2_06,239
2396,train,0487_2_07,239
2397,train,0487_2_08,239
2398,train,0487_2_09,239
2399,train,0487_2_10,239
2400,train,0488_2_01,240
2401,train,0488_2_02,240
2402,train,0488_2_03,240
2403,train,0488_2_04,240
2404,train,0488_2_05,240
2405,train,0488_2_06,240
2406,train,0488_2_07,240
2407,train,0488_2_08,240
2408,train,0488_2_09,240
2409,train,0488_2_10,240
2410,train,0489_2_01,241
2411,train,0489_2_02,241
2412,train,0489_2_03,241
2413,train,0489_2_04,241
2414,train,0489_2_05,241
2415,train,0489_2_06,241
2416,train,0489_2_07,241
2417,train,0489_2_08,241
2418,train,0489_2_09,241
2419,train,0489_2_10,241
2420,train,0490_2_01,242
2421,train,0490_2_02,242
2422,train,0490_2_03,242
2423,train,0490_2_04,242
2424,train,0490_2_05,242
2425,train,0490_2_06,242
2426,train,0490_2_07,242
2427,train,0490_2_08,242
2428,train,0490_2_09,242
2429,train,0490_2_10,242
2430,train,0493_2_01,243
2431,train,0493_2_02,243
2432,train,0493_2_03,243
2433,train,0493_2_04,243
2434,train,0493_2_05,243
2435,train,0493_2_06,243
2436,train,0493_2_07,243
2437,train,0493_2_08,243
2438,train,0493_2_09,243
2439,train,0493_2_10,243
2440,train,0495_2_01,244
2441,train,0495_2_02,244
2442,train,0495_2_03,244
2443,train,0495_2_04,244
2444,train,0495_2_05,244
2445,train,0495_2_06,244
2446,train,0495_2_07,244
2447,train,0495_2_08,244
2448,train,0495_2_09,244
2449,train,0495_2_10,244
2450,train,0496_2_01,245
2451,train,0496_2_02,245
2452,train,0496_2_03,245
2453,train,0496_2_04,245
2454,train,0496_2_05,245
2455,train,0496_2_06,245
2456,train,0496_2_07,245
2457,train,0496_2_08,245
2458,train,0496_2_09,245
2459,train,0496_2_10,245
2460,train,0499_2_01,246
2461,train,0499_2_02,246
2462,train,0499_2_03,246
2463,train,0499_2_04,246
2464,train,0499_2_05,246
2465,train,0499_2_06,246
2466,train,0499_2_07,246
2467,train,0499_2_08,246
2468,train,0499_2_09,246
2469,train,0499_2_10,246
2470,train,0505_2_01,247
2471,train,0505_2_02,247
2472,train,0505_2_03,247
2473,train,0505_2_04,247
2474,train,0505_2_05,247
2475,train,0505_2_06,247
2476,train,0505_2_07,247
2477,train,0505_2_08,247
2478,train,0505_2_09,247
2479,train,0505_2_10,247
2480,train,0506_2_01,248
2481,train,0506_2_02,248
2482,train,0506_2_03,248
2483,train,0506_2_04,248
2484,train,0506_2_05,248
2485,train,0506_2_06,248
2486,train,0506_2_07,248
2487,train,0506_2_08,248
2488,train,0506_2_09,248
2489,train,0506_2_10,248
2490,train,0509_2_01,249
2491,train,0509_2_02,249
2492,train,0509_2_03,249
2493,train,0509_2_04,249
2494,train,0509_2_05,249
2495,train,0509_2_06,249
2496,train,0509_2_07,249
2497,train,0509_2_08,249
2498,train,0509_2_09,249
2499,train,0509_2_10,249
2500,train,0514_2_01,250
2501,train,0514_2_02,250
2502,train,0514_2_03,250
2503,train,0514_2_04,250
2504,train,0514_2_05,250
2505,train,0514_2_06,250
2506,train,0514_2_07,250
2507,train,0514_2_08,250
2508,train,0514_2_09,250
2509,train,0514_2_10,250
2510,train,0517_2_01,251
2511,train,0517_2_02,251
2512,train,0517_2_03,251
2513,train,0517_2_04,251
2514,train,0517_2_05,251
2515,train,0517_2_06,251
2516,train,0517_2_07,251
2517,train,0517_2_08,251
2518,train,0517_2_09,251
2519,train,0517_2_10,251
2520,train,0519_2_01,252
2521,train,0519_2_02,252
2522,train,0519_2_03,252
2523,train,0519_2_04,252
2524,train,0519_2_05,252
2525,train,0519_2_06,252
2526,train,0519_2_07,252
2527,train,0519_2_08,252
2528,train,0519_2_09,252
2529,train,0519_2_10,252
2530,train,0523_2_01,253
2531,train,0523_2_02,253
2532,train,0523_2_03,253
2533,train,0523_2_04,253
2534,train,0523_2_05,253
2535,train,0523_2_06,253
2536,train,0523_2_07,253
2537,train,0523_2_08,253
2538,train,0523_2_09,253
2539,train,0523_2_10,253
2540,train,0525_2_01,254
2541,train,0525_2_02,254
2542,train,0525_2_03,254
2543,train,0525_2_04,254
2544,train,0525_2_05,254
2545,train,0525_2_06,254
2546,train,0525_2_07,254
2547,train,0525_2_08,254
2548,train,0525_2_09,254
2549,train,0525_2_10,254
2550,train,0526_2_01,255
2551,train,0526_2_02,255
2552,train,0526_2_03,255
2553,train,0526_2_04,255
2554,train,0526_2_05,255
2555,train,0526_2_06,255
2556,train,0526_2_07,255
2557,train,0526_2_08,255
2558,train,0526_2_09,255
2559,train,0526_2_10,255
2560,train,0527_2_01,256
2561,train,0527_2_02,256
2562,train,0527_2_03,256
2563,train,0527_2_04,256
2564,train,0527_2_05,256
2565,train,0527_2_06,256
2566,train,0527_2_07,256
2567,train,0527_2_08,256
2568,train,0527_2_09,256
2569,train,0527_2_10,256
2570,train,0528_2_01,257
2571,train,0528_2_02,257
2572,train,0528_2_03,257
2573,train,0528_2_04,257
2574,train,0528_2_05,257
2575,train,0528_2_06,257
2576,train,0528_2_07,257
2577,train,0528_2_08,257
2578,train,0528_2_09,257
2579,train,0528_2_10,257
2580,train,0529_2_01,258
2581,train,0529_2_02,258
2582,train,0529_2_03,258
2583,train,0529_2_04,258
2584,train,0529_2_05,258
2585,train,0529_2_06,258
2586,train,0529_2_07,258
2587,train,0529_2_08,258
2588,train,0529_2_09,258
2589,train,0529_2_10,258
2590,train,0530_2_01,259
2591,train,0530_2_02,259
2592,train,0530_2_03,259
2593,train,0530_2_04,259
2594,train,0530_2_05,259
2595,train,0530_2_06,259
2596,train,0530_2_07,259
2597,train,0530_2_08,259
2598,train,0530_2_09,259
2599,train,0530_2_10,259
2600,train,0532_2_01,260
2601,train,0532_2_02,260
2602,train,0532_2_03,260
2603,train,0532_2_04,260
2604,train,0532_2_05,260
2605,train,0532_2_06,260
2606,train,0532_2_07,260
2607,train,0532_2_08,260
2608,train,0532_2_09,260
2609,train,0532_2_10,260
2610,train,0533_2_01,261
2611,train,0533_2_02,261
2612,train,0533_2_03,261
2613,train,0533_2_04,261
2614,train,0533_2_05,261
2615,train,0533_2_06,261
2616,train,0533_2_07,261
2617,train,0533_2_08,261
2618,train,0533_2_09,261
2619,train,0533_2_10,261
2620,train,0535_2_01,262
2621,train,0535_2_02,262
2622,train,0535_2_03,262
2623,train,0535_2_04,262
2624,train,0535_2_05,262
2625,train,0535_2_06,262
2626,train,0535_2_07,262
2627,train,0535_2_08,262
2628,train,0535_2_09,262
2629,train,0535_2_10,262
2630,train,0536_2_01,263
2631,train,0536_2_02,263
2632,train,0536_2_03,263
2633,train,0536_2_04,263
2634,train,0536_2_05,263
2635,train,0536_2_06,263
2636,train,0536_2_07,263
2637,train,0536_2_08,263
2638,train,0536_2_09,263
2639,train,0536_2_10,263
2640,train,0537_2_01,264
2641,train,0537_2_02,264
2642,train,0537_2_03,264
2643,train,0537_2_04,264
2644,train,0537_2_05,264
2645,train,0537_2_06,264
2646,train,0537_2_07,264
2647,train,0537_2_08,264
2648,train,0537_2_09,264
2649,train,0537_2_10,264
2650,train,0543_2_01,265
2651,train,0543_2_02,265
2652,train,0543_2_03,265
2653,train,0543_2_04,265
2654,train,0543_2_05,265
2655,train,0543_2_06,265
2656,train,0543_2_07,265
2657,train,0543_2_08,265
2658,train,0543_2_09,265
2659,train,0543_2_10,265
2660,train,0544_2_01,266
2661,train,0544_2_02,266
2662,train,0544_2_03,266
2663,train,0544_2_04,266
2664,train,0544_2_05,266
2665,train,0544_2_06,266
2666,train,0544_2_07,266
2667,train,0544_2_08,266
2668,train,0544_2_09,266
2669,train,0544_2_10,266
2670,train,0545_2_01,267
2671,train,0545_2_02,267
2672,train,0545_2_03,267
2673,train,0545_2_04,267
2674,train,0545_2_05,267
2675,train,0545_2_06,267
2676,train,0545_2_07,267
2677,train,0545_2_08,267
2678,train,0545_2_09,267
2679,train,0545_2_10,267
2680,train,0546_2_01,268
2681,train,0546_2_02,268
2682,train,0546_2_03,268
2683,train,0546_2_04,268
2684,train,0546_2_05,268
2685,train,0546_2_06,268
2686,train,0546_2_07,268
2687,train,0546_2_08,268
2688,train,0546_2_09,268
2689,train,0546_2_10,268
2690,train,0547_2_01,269
2691,train,0547_2_02,269
2692,train,0547_2_03,269
2693,train,0547_2_04,269
2694,train,0547_2_05,269
2695,train,0547_2_06,269
2696,train,0547_2_07,269
2697,train,0547_2_08,269
2698,train,0547_2_09,269
2699,train,0547_2_10,269
2700,train,0548_2_01,270
2701,train,0548_2_02,270
2702,train,0548_2_03,270
2703,train,0548_2_04,270
2704,train,0548_2_05,270
2705,train,0548_2_06,270
2706,train,0548_2_07,270
2707,train,0548_2_08,270
2708,train,0548_2_09,270
2709,train,0548_2_10,270
2710,train,0549_2_01,271
2711,train,0549_2_02,271
2712,train,0549_2_03,271
2713,train,0549_2_04,271
2714,train,0549_2_05,271
2715,train,0549_2_06,271
2716,train,0549_2_07,271
2717,train,0549_2_08,271
2718,train,0549_2_09,271
2719,train,0549_2_10,271
2720,train,0551_2_01,272
2721,train,0551_2_02,272
2722,train,0551_2_03,272
2723,train,0551_2_04,272
2724,train,0551_2_05,272
2725,train,0551_2_06,272
2726,train,0551_2_07,272
2727,train,0551_2_08,272
2728,train,0551_2_09,272
2729,train,0551_2_10,272
2730,train,0555_2_01,273
2731,train,0555_2_02,273
2732,train,0555_2_03,273
2733,train,0555_2_04,273
2734,train,0555_2_05,273
2735,train,0555_2_06,273
2736,train,0555_2_07,273
2737,train,0555_2_08,273
2738,train,0555_2_09,273
2739,train,0555_2_10,273
2740,train,0557_2_01,274
2741,train,0557_2_02,274
2742,train,0557_2_03,274
2743,train,0557_2_04,274
2744,train,0557_2_05,274
2745,train,0557_2_06,274
2746,train,0557_2_07,274
2747,train,0557_2_08,274
2748,train,0557_2_09,274
2749,train,0557_2_10,274
2750,train,0565_2_01,275
2751,train,0565_2_02,275
2752,train,0565_2_03,275
2753,train,0565_2_04,275
2754,train,0565_2_05,275
2755,train,0565_2_06,275
2756,train,0565_2_07,275
2757,train,0565_2_08,275
2758,train,0565_2_09,275
2759,train,0565_2_10,275
2760,train,0568_2_01,276
2761,train,0568_2_02,276
2762,train,0568_2_03,276
2763,train,0568_2_04,276
2764,train,0568_2_05,276
2765,train,0568_2_06,276
2766,train,0568_2_07,276
2767,train,0568_2_08,276
2768,train,0568_2_09,276
2769,train,0568_2_10,276
2770,train,0569_2_01,277
2771,train,0569_2_02,277
2772,train,0569_2_03,277
2773,train,0569_2_04,277
2774,train,0569_2_05,277
2775,train,0569_2_06,277
2776,train,0569_2_07,277
2777,train,0569_2_08,277
2778,train,0569_2_09,277
2779,train,0569_2_10,277
2780,train,0570_2_01,278
2781,train,0570_2_02,278
2782,train,0570_2_03,278
2783,train,0570_2_04,278
2784,train,0570_2_05,278
2785,train,0570_2_06,278
2786,train,0570_2_07,278
2787,train,0570_2_08,278
2788,train,0570_2_09,278
2789,train,0570_2_10,278
2790,train,0572_2_01,279
2791,train,0572_2_02,279
2792,train,0572_2_03,279
2793,train,0572_2_04,279
2794,train,0572_2_05,279
2795,train,0572_2_06,279
2796,train,0572_2_07,279
2797,train,0572_2_08,279
2798,train,0572_2_09,279
2799,train,0572_2_10,279
2800,train,0575_2_01,280
2801,train,0575_2_02,280
2802,train,0575_2_03,280
2803,train,0575_2_04,280
2804,train,0575_2_05,280
2805,train,0575_2_06,280
2806,train,0575_2_07,280
2807,train,0575_2_08,280
2808,train,0575_2_09,280
2809,train,0575_2_10,280
2810,train,0578_2_01,281
2811,train,0578_2_02,281
2812,train,0578_2_03,281
2813,train,0578_2_04,281
2814,train,0578_2_05,281
2815,train,0578_2_06,281
2816,train,0578_2_07,281
2817,train,0578_2_08,281
2818,train,0578_2_09,281
2819,train,0578_2_10,281
2820,train,0579_2_01,282
2821,train,0579_2_02,282
2822,train,0579_2_03,282
2823,train,0579_2_04,282
2824,train,0579_2_05,282
2825,train,0579_2_06,282
2826,train,0579_2_07,282
2827,train,0579_2_08,282
2828,train,0579_2_09,282
2829,train,0579_2_10,282
2830,train,0580_2_01,283
2831,train,0580_2_02,283
2832,train,0580_2_03,283
2833,train,0580_2_04,283
2834,train,0580_2_05,283
2835,train,0580_2_06,283
2836,train,0580_2_07,283
2837,train,0580_2_08,283
2838,train,0580_2_09,283
2839,train,0580_2_10,283
2840,train,0581_2_01,284
2841,train,0581_2_02,284
2842,train,0581_2_03,284
2843,train,0581_2_04,284
2844,train,0581_2_05,284
2845,train,0581_2_06,284
2846,train,0581_2_07,284
2847,train,0581_2_08,284
2848,train,0581_2_09,284
2849,train,0581_2_10,284
2850,train,0582_2_01,285
2851,train,0582_2_02,285
2852,train,0582_2_03,285
2853,train,0582_2_04,285
2854,train,0582_2_05,285
2855,train,0582_2_06,285
2856,train,0582_2_07,285
2857,train,0582_2_08,285
2858,train,0582_2_09,285
2859,train,0582_2_10,285
2860,train,0583_2_01,286
2861,train,0583_2_02,286
2862,train,0583_2_03,286
2863,train,0583_2_04,286
2864,train,0583_2_05,286
2865,train,0583_2_06,286
2866,train,0583_2_07,286
2867,train,0583_2_08,286
2868,train,0583_2_09,286
2869,train,0583_2_10,286
2870,train,0585_2_01,287
2871,train,0585_2_02,287
2872,train,0585_2_03,287
2873,train,0585_2_04,287
2874,train,0585_2_05,287
2875,train,0585_2_06,287
2876,train,0585_2_07,287
2877,train,0585_2_08,287
2878,train,0585_2_09,287
2879,train,0585_2_10,287
2880,train,0586_2_01,288
2881,train,0586_2_02,288
2882,train,0586_2_03,288
2883,train,0586_2_04,288
2884,train,0586_2_05,288
2885,train,0586_2_06,288
2886,train,0586_2_07,288
2887,train,0586_2_08,288
2888,train,0586_2_09,288
2889,train,0586_2_10,288
2890,train,0592_2_01,289
2891,train,0592_2_02,289
2892,train,0592_2_03,289
2893,train,0592_2_04,289
2894,train,0592_2_05,289
2895,train,0592_2_06,289
2896,train,0592_2_07,289
2897,train,0592_2_08,289
2898,train,0592_2_09,289
2899,train,0592_2_10,289
2900,train,0593_2_01,290
2901,train,0593_2_02,290
2902,train,0593_2_03,290
2903,train,0593_2_04,290
2904,train,0593_2_05,290
2905,train,0593_2_06,290
2906,train,0593_2_07,290
2907,train,0593_2_08,290
2908,train,0593_2_09,290
2909,train,0593_2_10,290
2910,train,0594_2_01,291
2911,train,0594_2_02,291
2912,train,0594_2_03,291
2913,train,0594_2_04,291
2914,train,0594_2_05,291
2915,train,0594_2_06,291
2916,train,0594_2_07,291
2917,train,0594_2_08,291
2918,train,0594_2_09,291
2919,train,0594_2_10,291
2920,train,0596_2_01,292
2921,train,0596_2_02,292
2922,train,0596_2_03,292
2923,train,0596_2_04,292
2924,train,0596_2_05,292
2925,train,0596_2_06,292
2926,train,0596_2_07,292
2927,train,0596_2_08,292
2928,train,0596_2_09,292
2929,train,0596_2_10,292
2930,train,0597_2_01,293
2931,train,0597_2_02,293
2932,train,0597_2_03,293
2933,train,0597_2_04,293
2934,train,0597_2_05,293
2935,train,0597_2_06,293
2936,train,0597_2_07,293
2937,train,0597_2_08,293
2938,train,0597_2_09,293
2939,train,0597_2_10,293
2940,train,0599_2_01,294
2941,train,0599_2_02,294
2942,train,0599_2_03,294
2943,train,0599_2_04,294
2944,train,0599_2_05,294
2945,train,0599_2_06,294
2946,train,0599_2_07,294
2947,train,0599_2_08,294
2948,train,0599_2_09,294
2949,train,0599_2_10,294
2950,train,0600_2_01,295
2951,train,0600_2_02,295
2952,train,0600_2_03,295
2953,train,0600_2_04,295
2954,train,0600_2_05,295
2955,train,0600_2_06,295
2956,train,0600_2_07,295
2957,train,0600_2_08,295
2958,train,0600_2_09,295
2959,train,0600_2_10,295
2960,train,0601_2_01,296
2961,train,0601_2_02,296
2962,train,0601_2_03,296
2963,train,0601_2_04,296
2964,train,0601_2_05,296
2965,train,0601_2_06,296
2966,train,0601_2_07,296
2967,train,0601_2_08,296
2968,train,0601_2_09,296
2969,train,0601_2_10,296
2970,train,0602_2_01,297
2971,train,0602_2_02,297
2972,train,0602_2_03,297
2973,train,0602_2_04,297
2974,train,0602_2_05,297
2975,train,0602_2_06,297
2976,train,0602_2_07,297
2977,train,0602_2_08,297
2978,train,0602_2_09,297
2979,train,0602_2_10,297
2980,train,0603_2_01,298
2981,train,0603_2_02,298
2982,train,0603_2_03,298
2983,train,0603_2_04,298
2984,train,0603_2_05,298
2985,train,0603_2_06,298
2986,train,0603_2_07,298
2987,train,0603_2_08,298
2988,train,0603_2_09,298
2989,train,0603_2_10,298
2990,train,0604_2_01,299
2991,train,0604_2_02,299
2992,train,0604_2_03,299
2993,train,0604_2_04,299
2994,train,0604_2_05,299
2995,train,0604_2_06,299
2996,train,0604_2_07,299
2997,train,0604_2_08,299
2998,train,0604_2_09,299
2999,train,0604_2_10,299
3000,train,0605_2_01,300
3001,train,0605_2_02,300
3002,train,0605_2_03,300
3003,train,0605_2_04,300
3004,train,0605_2_05,300
3005,train,0605_2_06,300
3006,train,0605_2_07,300
3007,train,0605_2_08,300
3008,train,0605_2_09,300
3009,train,0605_2_10,300
3010,train,0607_2_01,301
3011,train,0607_2_02,301
3012,train,0607_2_03,301
3013,train,0607_2_04,301
3014,train,0607_2_05,301
3015,train,0607_2_06,301
3016,train,0607_2_07,301
3017,train,0607_2_08,301
3018,train,0607_2_09,301
3019,train,0607_2_10,301
3020,train,0610_2_01,302
3021,train,0610_2_02,302
3022,train,0610_2_03,302
3023,train,0610_2_04,302
3024,train,0610_2_05,302
3025,train,0610_2_06,302
3026,train,0610_2_07,302
3027,train,0610_2_08,302
3028,train,0610_2_09,302
3029,train,0610_2_10,302
3030,train,0611_2_01,303
3031,train,0611_2_02,303
3032,train,0611_2_03,303
3033,train,0611_2_04,303
3034,train,0611_2_05,303
3035,train,0611_2_06,303
3036,train,0611_2_07,303
3037,train,0611_2_08,303
3038,train,0611_2_09,303
3039,train,0611_2_10,303
3040,train,0615_2_01,304
3041,train,0615_2_02,304
3042,train,0615_2_03,304
3043,train,0615_2_04,304
3044,train,0615_2_05,304
3045,train,0615_2_06,304
3046,train,0615_2_07,304
3047,train,0615_2_08,304
3048,train,0615_2_09,304
3049,train,0615_2_10,304
3050,train,0619_2_01,305
3051,train,0619_2_02,305
3052,train,0619_2_03,305
3053,train,0619_2_04,305
3054,train,0619_2_05,305
3055,train,0619_2_06,305
3056,train,0619_2_07,305
3057,train,0619_2_08,305
3058,train,0619_2_09,305
3059,train,0619_2_10,305
3060,train,0620_2_01,306
3061,train,0620_2_02,306
3062,train,0620_2_03,306
3063,train,0620_2_04,306
3064,train,0620_2_05,306
3065,train,0620_2_06,306
3066,train,0620_2_07,306
3067,train,0620_2_08,306
3068,train,0620_2_09,306
3069,train,0620_2_10,306
3070,train,0621_2_01,307
3071,train,0621_2_02,307
3072,train,0621_2_03,307
3073,train,0621_2_04,307
3074,train,0621_2_05,307
3075,train,0621_2_06,307
3076,train,0621_2_07,307
3077,train,0621_2_08,307
3078,train,0621_2_09,307
3079,train,0621_2_10,307
3080,train,0622_2_01,308
3081,train,0622_2_02,308
3082,train,0622_2_03,308
3083,train,0622_2_04,308
3084,train,0622_2_05,308
3085,train,0622_2_06,308
3086,train,0622_2_07,308
3087,train,0622_2_08,308
3088,train,0622_2_09,308
3089,train,0622_2_10,308
3090,train,0623_2_01,309
3091,train,0623_2_02,309
3092,train,0623_2_03,309
3093,train,0623_2_04,309
3094,train,0623_2_05,309
3095,train,0623_2_06,309
3096,train,0623_2_07,309
3097,train,0623_2_08,309
3098,train,0623_2_09,309
3099,train,0623_2_10,309
3100,train,0625_2_01,310
3101,train,0625_2_02,310
3102,train,0625_2_03,310
3103,train,0625_2_04,310
3104,train,0625_2_05,310
3105,train,0625_2_06,310
3106,train,0625_2_07,310
3107,train,0625_2_08,310
3108,train,0625_2_09,310
3109,train,0625_2_10,310
3110,train,0626_2_01,311
3111,train,0626_2_02,311
3112,train,0626_2_03,311
3113,train,0626_2_04,311
3114,train,0626_2_05,311
3115,train,0626_2_06,311
3116,train,0626_2_07,311
3117,train,0626_2_08,311
3118,train,0626_2_09,311
3119,train,0626_2_10,311
3120,train,2001_2_01,312
3121,train,2001_2_02,312
3122,train,2001_2_03,312
3123,train,2001_2_04,312
3124,train,2001_2_05,312
3125,train,2001_2_06,312
3126,train,2001_2_07,312
3127,train,2001_2_08,312
3128,train,2001_2_09,312
3129,train,2001_2_10,312
3130,train,2007_2_01,313
3131,train,2007_2_02,313
3132,train,2007_2_03,313
3133,train,2007_2_04,313
3134,train,2007_2_05,313
3135,train,2007_2_06,313
3136,train,2007_2_07,313
3137,train,2007_2_08,313
3138,train,2007_2_09,313
3139,train,2007_2_10,313
3140,train,2009_2_01,314
3141,train,2009_2_02,314
3142,train,2009_2_03,314
3143,train,2009_2_04,314
3144,train,2009_2_05,314
3145,train,2009_2_06,314
3146,train,2009_2_07,314
3147,train,2009_2_08,314
3148,train,2009_2_09,314
3149,train,2009_2_10,314
3150,train,2010_2_01,315
3151,train,2010_2_02,315
3152,train,2010_2_03,315
3153,train,2010_2_04,315
3154,train,2010_2_05,315
3155,train,2010_2_06,315
3156,train,2010_2_07,315
3157,train,2010_2_08,315
3158,train,2010_2_09,315
3159,train,2010_2_10,315
3160,train,2032_2_01,316
3161,train,2032_2_02,316
3162,train,2032_2_03,316
3163,train,2032_2_04,316
3164,train,2032_2_05,316
3165,train,2032_2_06,316
3166,train,2032_2_07,316
3167,train,2032_2_08,316
3168,train,2032_2_09,316
3169,train,2032_2_10,316
3170,train,2033_2_01,317
3171,train,2033_2_02,317
3172,train,2033_2_03,317
3173,train,2033_2_04,317
3174,train,2033_2_05,317
3175,train,2033_2_06,317
3176,train,2033_2_07,317
3177,train,2033_2_08,317
3178,train,2033_2_09,317
3179,train,2033_2_10,317
3180,train,2034_2_01,318
3181,train,2034_2_02,318
3182,train,2034_2_03,318
3183,train,2034_2_04,318
3184,train,2034_2_05,318
3185,train,2034_2_06,318
3186,train,2034_2_07,318
3187,train,2034_2_08,318
3188,train,2034_2_09,318
3189,train,2034_2_10,318
3190,train,2037_2_01,319
3191,train,2037_2_02,319
3192,train,2037_2_03,319
3193,train,2037_2_04,319
3194,train,2037_2_05,319
3195,train,2037_2_06,319
3196,train,2037_2_07,319
3197,train,2037_2_08,319
3198,train,2037_2_09,319
3199,train,2037_2_10,319
3200,train,2038_2_01,320
3201,train,2038_2_02,320
3202,train,2038_2_03,320
3203,train,2038_2_04,320
3204,train,2038_2_05,320
3205,train,2038_2_06,320
3206,train,2038_2_07,320
3207,train,2038_2_08,320
3208,train,2038_2_09,320
3209,train,2038_2_10,320
3210,train,2039_2_01,321
3211,train,2039_2_02,321
3212,train,2039_2_03,321
3213,train,2039_2_04,321
3214,train,2039_2_05,321
3215,train,2039_2_06,321
3216,train,2039_2_07,321
3217,train,2039_2_08,321
3218,train,2039_2_09,321
3219,train,2039_2_10,321
3220,train,2041_2_01,322
3221,train,2041_2_02,322
3222,train,2041_2_03,322
3223,train,2041_2_04,322
3224,train,2041_2_05,322
3225,train,2041_2_06,322
3226,train,2041_2_07,322
3227,train,2041_2_08,322
3228,train,2041_2_09,322
3229,train,2041_2_10,322
3230,train,2044_2_01,323
3231,train,2044_2_02,323
3232,train,2044_2_03,323
3233,train,2044_2_04,323
3234,train,2044_2_05,323
3235,train,2044_2_06,323
3236,train,2044_2_07,323
3237,train,2044_2_08,323
3238,train,2044_2_09,323
3239,train,2044_2_10,323
3240,train,2047_2_01,324
3241,train,2047_2_02,324
3242,train,2047_2_03,324
3243,train,2047_2_04,324
3244,train,2047_2_05,324
3245,train,2047_2_06,324
3246,train,2047_2_07,324
3247,train,2047_2_08,324
3248,train,2047_2_09,324
3249,train,2047_2_10,324
3250,train,2048_2_01,325
3251,train,2048_2_02,325
3252,train,2048_2_03,325
3253,train,2048_2_04,325
3254,train,2048_2_05,325
3255,train,2048_2_06,325
3256,train,2048_2_07,325
3257,train,2048_2_08,325
3258,train,2048_2_09,325
3259,train,2048_2_10,325
3260,train,2049_2_01,326
3261,train,2049_2_02,326
3262,train,2049_2_03,326
3263,train,2049_2_04,326
3264,train,2049_2_05,326
3265,train,2049_2_06,326
3266,train,2049_2_07,326
3267,train,2049_2_08,326
3268,train,2049_2_09,326
3269,train,2049_2_10,326
3270,train,2051_2_01,327
3271,train,2051_2_02,327
3272,train,2051_2_03,327
3273,train,2051_2_04,327
3274,train,2051_2_05,327
3275,train,2051_2_06,327
3276,train,2051_2_07,327
3277,train,2051_2_08,327
3278,train,2051_2_09,327
3279,train,2051_2_10,327
3280,train,2052_2_01,328
3281,train,2052_2_02,328
3282,train,2052_2_03,328
3283,train,2052_2_04,328
3284,train,2052_2_05,328
3285,train,2052_2_06,328
3286,train,2052_2_07,328
3287,train,2052_2_08,328
3288,train,2052_2_09,328
3289,train,2052_2_10,328
3290,train,2053_2_01,329
3291,train,2053_2_02,329
3292,train,2053_2_03,329
3293,train,2053_2_04,329
3294,train,2053_2_05,329
3295,train,2053_2_06,329
3296,train,2053_2_07,329
3297,train,2053_2_08,329
3298,train,2053_2_09,329
3299,train,2053_2_10,329
3300,train,2054_2_01,330
3301,train,2054_2_02,330
3302,train,2054_2_03,330
3303,train,2054_2_04,330
3304,train,2054_2_05,330
3305,train,2054_2_06,330
3306,train,2054_2_07,330
3307,train,2054_2_08,330
3308,train,2054_2_09,330
3309,train,2054_2_10,330
3310,train,2056_2_01,331
3311,train,2056_2_02,331
3312,train,2056_2_03,331
3313,train,2056_2_04,331
3314,train,2056_2_05,331
3315,train,2056_2_06,331
3316,train,2056_2_07,331
3317,train,2056_2_08,331
3318,train,2056_2_09,331
3319,train,2056_2_10,331
3320,train,2060_2_01,332
3321,train,2060_2_02,332
3322,train,2060_2_03,332
3323,train,2060_2_04,332
3324,train,2060_2_05,332
3325,train,2060_2_06,332
3326,train,2060_2_07,332
3327,train,2060_2_08,332
3328,train,2060_2_09,332
3329,train,2060_2_10,332
3330,train,2061_2_01,333
3331,train,2061_2_02,333
3332,train,2061_2_03,333
3333,train,2061_2_04,333
3334,train,2061_2_05,333
3335,train,2061_2_06,333
3336,train,2061_2_07,333
3337,train,2061_2_08,333
3338,train,2061_2_09,333
3339,train,2061_2_10,333
3340,train,2062_2_01,334
3341,train,2062_2_02,334
3342,train,2062_2_03,334
3343,train,2062_2_04,334
3344,train,2062_2_05,334
3345,train,2062_2_06,334
3346,train,2062_2_07,334
3347,train,2062_2_08,334
3348,train,2062_2_09,334
3349,train,2062_2_10,334
3350,train,2063_2_01,335
3351,train,2063_2_02,335
3352,train,2063_2_03,335
3353,train,2063_2_04,335
3354,train,2063_2_05,335
3355,train,2063_2_06,335
3356,train,2063_2_07,335
3357,train,2063_2_08,335
3358,train,2063_2_09,335
3359,train,2063_2_10,335
3360,train,2067_2_01,336
3361,train,2067_2_02,336
3362,train,2067_2_03,336
3363,train,2067_2_04,336
3364,train,2067_2_05,336
3365,train,2067_2_06,336
3366,train,2067_2_07,336
3367,train,2067_2_08,336
3368,train,2067_2_09,336
3369,train,2067_2_10,336
3370,train,2068_2_01,337
3371,train,2068_2_02,337
3372,train,2068_2_03,337
3373,train,2068_2_04,337
3374,train,2068_2_05,337
3375,train,2068_2_06,337
3376,train,2068_2_07,337
3377,train,2068_2_08,337
3378,train,2068_2_09,337
3379,train,2068_2_10,337
3380,train,2070_2_01,338
3381,train,2070_2_02,338
3382,train,2070_2_03,338
3383,train,2070_2_04,338
3384,train,2070_2_05,338
3385,train,2070_2_06,338
3386,train,2070_2_07,338
3387,train,2070_2_08,338
3388,train,2070_2_09,338
3389,train,2070_2_10,338
3390,train,2071_2_01,339
3391,train,2071_2_02,339
3392,train,2071_2_03,339
3393,train,2071_2_04,339
3394,train,2071_2_05,339
3395,train,2071_2_06,339
3396,train,2071_2_07,339
3397,train,2071_2_08,339
3398,train,2071_2_09,339
3399,train,2071_2_10,339
3400,train,2073_2_01,340
3401,train,2073_2_02,340
3402,train,2073_2_03,340
3403,train,2073_2_04,340
3404,train,2073_2_05,340
3405,train,2073_2_06,340
3406,train,2073_2_07,340
3407,train,2073_2_08,340
3408,train,2073_2_09,340
3409,train,2073_2_10,340
3410,train,2074_2_01,341
3411,train,2074_2_02,341
3412,train,2074_2_03,341
3413,train,2074_2_04,341
3414,train,2074_2_05,341
3415,train,2074_2_06,341
3416,train,2074_2_07,341
3417,train,2074_2_08,341
3418,train,2074_2_09,341
3419,train,2074_2_10,341
3420,train,2077_2_01,342
3421,train,2077_2_02,342
3422,train,2077_2_03,342
3423,train,2077_2_04,342
3424,train,2077_2_05,342
3425,train,2077_2_06,342
3426,train,2077_2_07,342
3427,train,2077_2_08,342
3428,train,2077_2_09,342
3429,train,2077_2_10,342
3430,train,2081_2_01,343
3431,train,2081_2_02,343
3432,train,2081_2_03,343
3433,train,2081_2_04,343
3434,train,2081_2_05,343
3435,train,2081_2_06,343
3436,train,2081_2_07,343
3437,train,2081_2_08,343
3438,train,2081_2_09,343
3439,train,2081_2_10,343
3440,train,2083_2_01,344
3441,train,2083_2_02,344
3442,train,2083_2_03,344
3443,train,2083_2_04,344
3444,train,2083_2_05,344
3445,train,2083_2_06,344
3446,train,2083_2_07,344
3447,train,2083_2_08,344
3448,train,2083_2_09,344
3449,train,2083_2_10,344
3450,train,2084_2_01,345
3451,train,2084_2_02,345
3452,train,2084_2_03,345
3453,train,2084_2_04,345
3454,train,2084_2_05,345
3455,train,2084_2_06,345
3456,train,2084_2_07,345
3457,train,2084_2_08,345
3458,train,2084_2_09,345
3459,train,2084_2_10,345
3460,train,2094_2_01,346
3461,train,2094_2_02,346
3462,train,2094_2_03,346
3463,train,2094_2_04,346
3464,train,2094_2_05,346
3465,train,2094_2_06,346
3466,train,2094_2_07,346
3467,train,2094_2_08,346
3468,train,2094_2_09,346
3469,train,2094_2_10,346
